{
  "designerVersion" : "1.9.24",
  "previousDesignerVersion" : "1.8.29",
  "id" : "installExportOrganizationBonita",
  "name" : "installExportOrganizationBonita",
  "lastUpdate" : 1567085634158,
  "rows" : [ [ {
    "type" : "container",
    "dimension" : {
      "xs" : 12,
      "sm" : 1,
      "md" : 1,
      "lg" : 2
    },
    "propertyValues" : {
      "cssClasses" : {
        "type" : "constant",
        "value" : ""
      },
      "hidden" : {
        "type" : "constant",
        "value" : false
      },
      "repeatedCollection" : {
        "type" : "variable",
        "value" : ""
      }
    },
    "reference" : "1a0335e4-ed29-4b57-9089-0acbef17932b",
    "hasValidationError" : false,
    "id" : "pbContainer",
    "rows" : [ [ ] ]
  }, {
    "type" : "container",
    "dimension" : {
      "xs" : 12,
      "sm" : 10,
      "md" : 10,
      "lg" : 8
    },
    "propertyValues" : {
      "cssClasses" : {
        "type" : "constant",
        "value" : ""
      },
      "hidden" : {
        "type" : "expression",
        "value" : ""
      },
      "repeatedCollection" : {
        "type" : "variable",
        "value" : ""
      }
    },
    "reference" : "2ee379a1-0571-43dc-8873-d0780f3d4e70",
    "hasValidationError" : false,
    "id" : "pbContainer",
    "rows" : [ [ {
      "type" : "component",
      "dimension" : {
        "xs" : 12,
        "md" : 12,
        "lg" : 12
      },
      "propertyValues" : {
        "cssClasses" : {
          "type" : "constant",
          "value" : ""
        },
        "hidden" : {
          "type" : "constant",
          "value" : false
        },
        "text" : {
          "type" : "interpolation",
          "value" : "Install / Export organization"
        },
        "level" : {
          "type" : "constant",
          "value" : "Level 2"
        },
        "alignment" : {
          "type" : "constant",
          "value" : "left"
        }
      },
      "reference" : "92bdb27f-7f75-478f-951e-72afb62b9a3d",
      "hasValidationError" : false,
      "id" : "pbTitle"
    } ], [ {
      "type" : "container",
      "dimension" : {
        "xs" : 12,
        "sm" : 12,
        "md" : 12,
        "lg" : 12
      },
      "propertyValues" : {
        "cssClasses" : {
          "type" : "constant",
          "value" : "panel panel-default"
        },
        "hidden" : {
          "type" : "constant",
          "value" : false
        },
        "repeatedCollection" : {
          "type" : "variable",
          "value" : ""
        }
      },
      "reference" : "83125ad3-50c6-4b2d-84e5-c5c05e714502",
      "hasValidationError" : false,
      "id" : "pbContainer",
      "rows" : [ [ {
        "type" : "container",
        "dimension" : {
          "xs" : 12,
          "sm" : 12,
          "md" : 12,
          "lg" : 12
        },
        "propertyValues" : {
          "cssClasses" : {
            "type" : "constant",
            "value" : "panel-body"
          },
          "hidden" : {
            "type" : "constant",
            "value" : false
          },
          "repeatedCollection" : {
            "type" : "variable",
            "value" : ""
          }
        },
        "reference" : "7d2c1a46-3d24-48fd-9d92-d8bf186e9c55",
        "hasValidationError" : false,
        "id" : "pbContainer",
        "rows" : [ [ {
          "type" : "component",
          "dimension" : {
            "xs" : 12,
            "sm" : 12,
            "md" : 12,
            "lg" : 12
          },
          "propertyValues" : {
            "cssClasses" : {
              "type" : "constant",
              "value" : ""
            },
            "hidden" : {
              "type" : "constant",
              "value" : false
            },
            "text" : {
              "type" : "interpolation",
              "value" : "{{'Install organization' | translate}}"
            },
            "level" : {
              "type" : "constant",
              "value" : "Level 4"
            },
            "alignment" : {
              "type" : "constant",
              "value" : "left"
            }
          },
          "reference" : "be0e8fbb-81e0-49c3-b298-0abf1b16c9de",
          "hasValidationError" : false,
          "id" : "pbTitle"
        } ], [ {
          "type" : "formContainer",
          "dimension" : {
            "xs" : 12,
            "sm" : 12,
            "md" : 12,
            "lg" : 12
          },
          "propertyValues" : {
            "cssClasses" : {
              "type" : "constant",
              "value" : ""
            },
            "hidden" : {
              "type" : "constant",
              "value" : false
            }
          },
          "reference" : "5d65d108-2387-4429-81c7-6f3ba8683f8c",
          "hasValidationError" : false,
          "id" : "pbFormContainer",
          "container" : {
            "type" : "container",
            "dimension" : {
              "xs" : 12
            },
            "propertyValues" : { },
            "reference" : "e53372fd-30e9-49a1-b495-ce4faf5f3da5",
            "hasValidationError" : false,
            "id" : "pbContainer",
            "rows" : [ [ {
              "type" : "component",
              "dimension" : {
                "xs" : 12,
                "sm" : 12,
                "md" : 12,
                "lg" : 12
              },
              "propertyValues" : {
                "cssClasses" : {
                  "type" : "constant",
                  "value" : ""
                },
                "hidden" : {
                  "type" : "constant",
                  "value" : false
                },
                "required" : {
                  "type" : "constant",
                  "value" : true
                },
                "labelHidden" : {
                  "type" : "constant",
                  "value" : true
                },
                "label" : {
                  "type" : "interpolation",
                  "value" : "Default label"
                },
                "labelPosition" : {
                  "type" : "constant",
                  "value" : "top"
                },
                "labelWidth" : {
                  "type" : "constant",
                  "value" : 4
                },
                "placeholder" : {
                  "type" : "interpolation",
                  "value" : "{{'Click here to choose your .xml file' | translate}}"
                },
                "url" : {
                  "type" : "constant",
                  "value" : "../API/formFileUpload"
                },
                "value" : {
                  "type" : "variable",
                  "value" : "filePath"
                },
                "errorContent" : {
                  "type" : "variable",
                  "value" : "uploadError"
                }
              },
              "reference" : "dd4ab639-e20c-43d0-941b-7829a6918d14",
              "hasValidationError" : false,
              "id" : "pbUpload"
            } ], [ {
              "type" : "component",
              "dimension" : {
                "xs" : 12,
                "sm" : 12,
                "md" : 12,
                "lg" : 12
              },
              "propertyValues" : {
                "cssClasses" : {
                  "type" : "constant",
                  "value" : ""
                },
                "hidden" : {
                  "type" : "constant",
                  "value" : false
                },
                "allowHTML" : {
                  "type" : "constant",
                  "value" : true
                },
                "text" : {
                  "type" : "interpolation",
                  "value" : "<span class=\"glyphicon glyphicon-warning-sign text-warning\"></span>\n{{'Data from the new organization will be merged with existing data.' | translate}}\n<br/>\n{{'In case of conflict, priority is given to the new data.' | translate }}"
                },
                "alignment" : {
                  "type" : "constant",
                  "value" : "left"
                },
                "labelHidden" : {
                  "type" : "constant",
                  "value" : true
                },
                "label" : {
                  "type" : "interpolation",
                  "value" : ""
                },
                "labelPosition" : {
                  "type" : "constant",
                  "value" : "top"
                },
                "labelWidth" : {
                  "type" : "constant",
                  "value" : 4
                }
              },
              "reference" : "d626f762-afb4-4ae3-8e9d-94c6df5116c7",
              "hasValidationError" : false,
              "id" : "pbText"
            } ], [ {
              "type" : "component",
              "dimension" : {
                "xs" : 12,
                "sm" : 12,
                "md" : 12,
                "lg" : 12
              },
              "propertyValues" : {
                "cssClasses" : {
                  "type" : "constant",
                  "value" : ""
                },
                "hidden" : {
                  "type" : "expression",
                  "value" : "statusCodeInstall !== 500"
                },
                "allowHTML" : {
                  "type" : "constant",
                  "value" : true
                },
                "text" : {
                  "type" : "interpolation",
                  "value" : "<span class=\"glyphicon glyphicon-remove-sign text-danger\"></span>\n{{'An error has occurred. For more information, check the log file.' | translate}}"
                },
                "alignment" : {
                  "type" : "constant",
                  "value" : "left"
                },
                "labelHidden" : {
                  "type" : "constant",
                  "value" : true
                },
                "label" : {
                  "type" : "interpolation",
                  "value" : ""
                },
                "labelPosition" : {
                  "type" : "constant",
                  "value" : "top"
                },
                "labelWidth" : {
                  "type" : "constant",
                  "value" : 4
                }
              },
              "reference" : "4ad790ca-3280-4af8-92a1-d15ba045bbde",
              "hasValidationError" : false,
              "id" : "pbText"
            } ], [ {
              "type" : "component",
              "dimension" : {
                "xs" : 12,
                "sm" : 12,
                "md" : 12,
                "lg" : 12
              },
              "propertyValues" : {
                "cssClasses" : {
                  "type" : "constant",
                  "value" : ""
                },
                "hidden" : {
                  "type" : "expression",
                  "value" : "statusCodeInstall !== 400"
                },
                "allowHTML" : {
                  "type" : "constant",
                  "value" : true
                },
                "text" : {
                  "type" : "interpolation",
                  "value" : "<span class=\"glyphicon glyphicon-remove-sign text-danger\"></span>\n{{'Invalid file format. For more information, check the log file.' | translate}}"
                },
                "alignment" : {
                  "type" : "constant",
                  "value" : "left"
                },
                "labelHidden" : {
                  "type" : "constant",
                  "value" : true
                },
                "label" : {
                  "type" : "interpolation",
                  "value" : ""
                },
                "labelPosition" : {
                  "type" : "constant",
                  "value" : "top"
                },
                "labelWidth" : {
                  "type" : "constant",
                  "value" : 4
                }
              },
              "reference" : "734acf96-0791-44ca-9c60-6bcc25900da0",
              "hasValidationError" : false,
              "id" : "pbText"
            } ], [ {
              "type" : "component",
              "dimension" : {
                "xs" : 12,
                "sm" : 12,
                "md" : 12,
                "lg" : 12
              },
              "propertyValues" : {
                "cssClasses" : {
                  "type" : "constant",
                  "value" : ""
                },
                "hidden" : {
                  "type" : "expression",
                  "value" : "statusCodeInstall !== 403"
                },
                "allowHTML" : {
                  "type" : "constant",
                  "value" : true
                },
                "text" : {
                  "type" : "interpolation",
                  "value" : "<span class=\"glyphicon glyphicon-remove-sign text-danger\"></span>\n{{'Access denied. For more information, check the log file.' | translate}}"
                },
                "alignment" : {
                  "type" : "constant",
                  "value" : "left"
                },
                "labelHidden" : {
                  "type" : "constant",
                  "value" : true
                },
                "label" : {
                  "type" : "interpolation",
                  "value" : ""
                },
                "labelPosition" : {
                  "type" : "constant",
                  "value" : "top"
                },
                "labelWidth" : {
                  "type" : "constant",
                  "value" : 4
                }
              },
              "reference" : "d1f67461-b49b-48d0-b4e5-83bce05b94d7",
              "hasValidationError" : false,
              "id" : "pbText"
            } ], [ {
              "type" : "component",
              "dimension" : {
                "xs" : 12,
                "sm" : 12,
                "md" : 12,
                "lg" : 12
              },
              "propertyValues" : {
                "cssClasses" : {
                  "type" : "constant",
                  "value" : ""
                },
                "hidden" : {
                  "type" : "expression",
                  "value" : "statusCodeInstall !== 200"
                },
                "allowHTML" : {
                  "type" : "constant",
                  "value" : true
                },
                "text" : {
                  "type" : "interpolation",
                  "value" : "<span class=\"glyphicon glyphicon-ok-sign text-success\"></span>\n{{'Organization successfully installed.' | translate}}"
                },
                "alignment" : {
                  "type" : "constant",
                  "value" : "left"
                },
                "labelHidden" : {
                  "type" : "constant",
                  "value" : true
                },
                "label" : {
                  "type" : "interpolation",
                  "value" : ""
                },
                "labelPosition" : {
                  "type" : "constant",
                  "value" : "top"
                },
                "labelWidth" : {
                  "type" : "constant",
                  "value" : 4
                }
              },
              "reference" : "0a1e0e8d-575f-4da8-b6c1-4176ce4a70e4",
              "hasValidationError" : false,
              "id" : "pbText"
            } ] ]
          }
        } ], [ {
          "type" : "component",
          "dimension" : {
            "xs" : 12,
            "sm" : 12,
            "md" : 12,
            "lg" : 12
          },
          "propertyValues" : {
            "cssClasses" : {
              "type" : "constant",
              "value" : ""
            },
            "hidden" : {
              "type" : "constant",
              "value" : false
            },
            "disabled" : {
              "type" : "expression",
              "value" : "!filePath || !filePath.tempPath"
            },
            "label" : {
              "type" : "interpolation",
              "value" : "{{'Install' | translate}}"
            },
            "alignment" : {
              "type" : "constant",
              "value" : "right"
            },
            "buttonStyle" : {
              "type" : "constant",
              "value" : "primary"
            },
            "action" : {
              "type" : "constant",
              "value" : "POST"
            },
            "url" : {
              "type" : "interpolation",
              "value" : "../API/services/organization/import"
            },
            "dataToSend" : {
              "type" : "expression",
              "value" : "organizationDataUpload"
            },
            "dataFromSuccess" : {
              "type" : "variable",
              "value" : ""
            },
            "closeOnSuccess" : {
              "type" : "constant",
              "value" : false
            },
            "dataFromError" : {
              "type" : "variable",
              "value" : ""
            },
            "targetUrlOnSuccess" : {
              "type" : "interpolation"
            },
            "collectionToModify" : {
              "type" : "variable"
            },
            "modalId" : {
              "type" : "constant",
              "value" : ""
            },
            "collectionPosition" : {
              "type" : "constant",
              "value" : "Last"
            },
            "valueToAdd" : {
              "type" : "constant"
            },
            "removeItem" : {
              "type" : "variable"
            },
            "responseStatusCode" : {
              "type" : "variable",
              "value" : "statusCodeInstall"
            }
          },
          "reference" : "2e782ff4-16a6-459c-8dd0-07194f7a0a87",
          "hasValidationError" : false,
          "id" : "pbButton"
        } ] ]
      } ] ]
    } ], [ {
      "type" : "container",
      "dimension" : {
        "xs" : 12,
        "sm" : 12,
        "md" : 12,
        "lg" : 12
      },
      "propertyValues" : {
        "cssClasses" : {
          "type" : "constant",
          "value" : "panel panel-default"
        },
        "hidden" : {
          "type" : "constant",
          "value" : false
        },
        "repeatedCollection" : {
          "type" : "variable",
          "value" : ""
        }
      },
      "reference" : "92a711c5-9869-4f56-935d-a52519268322",
      "hasValidationError" : false,
      "id" : "pbContainer",
      "rows" : [ [ {
        "type" : "container",
        "dimension" : {
          "xs" : 12,
          "sm" : 12,
          "md" : 12,
          "lg" : 12
        },
        "propertyValues" : {
          "cssClasses" : {
            "type" : "constant",
            "value" : "panel-body"
          },
          "hidden" : {
            "type" : "constant",
            "value" : false
          },
          "repeatedCollection" : {
            "type" : "variable",
            "value" : ""
          }
        },
        "reference" : "8e24f09d-235e-4e28-a168-e8e8af67a9c3",
        "hasValidationError" : false,
        "id" : "pbContainer",
        "rows" : [ [ {
          "type" : "component",
          "dimension" : {
            "xs" : 12,
            "sm" : 10,
            "md" : 10,
            "lg" : 10
          },
          "propertyValues" : {
            "cssClasses" : {
              "type" : "constant",
              "value" : ""
            },
            "hidden" : {
              "type" : "constant",
              "value" : false
            },
            "text" : {
              "type" : "interpolation",
              "value" : "{{'Export the installed organization' | translate}}"
            },
            "level" : {
              "type" : "constant",
              "value" : "Level 4"
            },
            "alignment" : {
              "type" : "constant",
              "value" : "left"
            }
          },
          "reference" : "ee29d3e1-67cf-4754-acde-961ed508312c",
          "hasValidationError" : false,
          "id" : "pbTitle"
        }, {
          "type" : "component",
          "dimension" : {
            "xs" : 12,
            "sm" : 12,
            "md" : 2,
            "lg" : 2
          },
          "propertyValues" : {
            "cssClasses" : {
              "type" : "constant",
              "value" : ""
            },
            "hidden" : {
              "type" : "constant",
              "value" : false
            },
            "text" : {
              "type" : "interpolation",
              "value" : "{{'Export' | translate}}"
            },
            "type" : {
              "type" : "constant",
              "value" : "URL"
            },
            "targetUrl" : {
              "type" : "constant",
              "value" : "../API/exportOrganization"
            },
            "pageToken" : {
              "type" : "constant"
            },
            "processName" : {
              "type" : "constant"
            },
            "processVersion" : {
              "type" : "constant"
            },
            "taskId" : {
              "type" : "constant"
            },
            "caseId" : {
              "type" : "constant"
            },
            "target" : {
              "type" : "constant",
              "value" : "_blank"
            },
            "appToken" : {
              "type" : "constant"
            },
            "urlParams" : {
              "type" : "constant"
            },
            "alignment" : {
              "type" : "constant",
              "value" : "right"
            },
            "buttonStyle" : {
              "type" : "constant",
              "value" : "primary"
            }
          },
          "reference" : "c29646af-a18e-4e8a-a289-6d1ebbfaaa58",
          "hasValidationError" : false,
          "id" : "pbLink"
        } ] ]
      } ] ]
    } ] ]
  }, {
    "type" : "container",
    "dimension" : {
      "xs" : 12,
      "sm" : 1,
      "md" : 1,
      "lg" : 2
    },
    "propertyValues" : {
      "cssClasses" : {
        "type" : "constant",
        "value" : ""
      },
      "hidden" : {
        "type" : "constant",
        "value" : false
      },
      "repeatedCollection" : {
        "type" : "variable",
        "value" : ""
      }
    },
    "reference" : "ba5a4978-555b-4a41-88e4-5a868df47833",
    "hasValidationError" : false,
    "id" : "pbContainer",
    "rows" : [ [ ] ]
  } ] ],
  "assets" : [ {
    "id" : "9c263032-7532-41a0-9c1b-65bf6bc78a49",
    "name" : "style.css",
    "type" : "css",
    "order" : 0,
    "external" : false
  }, {
    "id" : "3ff5fc60-b9ff-4d50-b644-72302ffa90cd",
    "name" : "localization.json",
    "type" : "json",
    "order" : 4,
    "external" : false
  } ],
  "inactiveAssets" : [ ],
  "data" : {
    "session" : {
      "type" : "url",
      "value" : "../API/system/session/unusedId",
      "exposed" : false
    },
    "filePath" : {
      "type" : "constant",
      "value" : "",
      "exposed" : false
    },
    "organizationDataUpload" : {
      "type" : "expression",
      "value" : "return {organizationDataUpload: $data.filePath.tempPath};",
      "exposed" : false
    },
    "statusCodeInstall" : {
      "type" : "constant",
      "exposed" : false
    }
  },
  "hasValidationError" : false,
  "uuid" : "2be4e81d-9a15-4ef9-893c-61caf156398f",
  "type" : "page",
  "description" : "Page allowing to install or export organization",
  "displayName" : "Install Export Organization"
}