{
  "fr-FR": {
    "No case found with id:": "Cas non trouvé:",
    "No documents available": "Aucun document n'a été attaché à ce cas.",
    "Timeline": "Chronologie",
    "Documents" : "Documents",
    "Business Data": "Données métier",
    "No business data available": "Aucune donnée disponible",
    "Case id": "Id du cas",
    "Archived case id": "Id de l'archive du cas",
    "Process": "Processus",
    "No Events yet.":"Pas d'activité",
    "Nothing noticeable happened yet... But it surely will come!": "Aucune tâche réalisée ni disponible pour le moment.",
    "Case started": "Cas démarré",
    "Started by": "Démarré par",
    "Title": "Titre",
    "Default label": "Libellé par défaut",
    "Default name": "Nom par défaut",
    "Select": "Sélection",
    "Select an option": "Sélectionnez une option",
    "green": "vert",
    "red": "rouge",
    "blue": "bleu",
    "yes": "oui",
    "no": "non",
    "Id": "Id",
    "Name": "Nom",
    "Description": "Description",
    "Link": "Lien",
    "Submit": "Soumettre",
    "This field is required": "Ce champ est obligatoire",
    "This field length should be larger": "Ce champ doit contenir plus de caractères",
    "This field length should be smaller": "Ce champ doit contenir moins de caractères",
    "This value is too small": "La valeur de ce champ est trop petite",
    "This value is too large": "La valeur de ce champ est trop grande",
    "This is not a valid email": "L'email saisi n'est pas valide",
    "Toggle the text area to HTML source code / Rich text area": "Basculer l'affichage du texte vers HTML / Rich Text",
    "Heading ": "Titre ",
    "Paragraph": "Paragraphe",
    "Preformatted text": "Texte préformaté",
    "Unordered List": "Liste",
    "Ordered List": "Liste numérotée",
    "Quote/unquote selection or paragraph": "Formater le paragraphe ou la sélection en citation",
    "Undo": "Annuler",
    "Redo": "Rétablir",
    "Bold": "Gras",
    "Italic": "Italique",
    "Underline": "Souligné",
    "Strikethrough": "Barré",
    "Align text left": "Aligner le texte à gauche",
    "Align text right": "Aligner le texte à droite",
    "Justify text": "Justifier le texte",
    "Center": "Centrer",
    "Increase indent": "Augmenter l'indentation",
    "Decrease indent": "Diminuer l'indentation",
    "Clear formatting": "Effacer le formatage",
    "Please enter an image URL to insert": "Saisissez l'URL de l'image à insérer",
    "Insert image": "Insérer une image",
    "Insert video": "Insérer une vidéo",
    "Please enter a youtube URL to embed": "Saisissez une URL YouTube à embarquer",
    "Insert / edit link": "Insérer/éditer un lien",
    "Please enter a URL to insert": "Entrez une URL à insérer",
    "Relink": "Changer le lien",
    "Unlink": "Enlever le lien",
    "Open in New Window": "Ouvrir dans une nouvelle fenêtre",
    "Display words Count": "Afficher le nombre de mots",
    "Display characters Count": "Afficher le nombre de caractères",
    "The requested content cannot be loaded.<br />Please try again later.": "Le contenu demandé ne peut pas être téléchargé.<br/> Veuillez réessayer plus tard.",
    "Date": "Date",
    "MM/dd/yyyy": "dd/MM/yyyy",
    "Today": "Aujourd'hui",
    "Now": "Maintenant",
    "Enter a date (mm/dd/yyyy)": "Saisissez une date (jj/mm/aaaa)",
    "Date and time": "Date et heure",
    "h:mm:ss a": "HH:mm:ss",
    "Enter a time (h:mm:ss a)": "Saisissez une heure (hh:mm:ss)",
    "$locale": {
      "DATETIME_FORMATS": {
        "AMPMS": [
          "AM",
          "PM"
        ],
        "DAY": [
          "dimanche",
          "lundi",
          "mardi",
          "mercredi",
          "jeudi",
          "vendredi",
          "samedi"
        ],
        "FIRSTDAYOFWEEK": 1,
        "MONTH": [
          "janvier",
          "f\u00e9vrier",
          "mars",
          "avril",
          "mai",
          "juin",
          "juillet",
          "ao\u00fbt",
          "septembre",
          "octobre",
          "novembre",
          "d\u00e9cembre"
        ],
        "SHORTDAY": [
          "dim.",
          "lun.",
          "mar.",
          "mer.",
          "jeu.",
          "ven.",
          "sam."
        ],
        "SHORTMONTH": [
          "janv.",
          "f\u00e9vr.",
          "mars",
          "avr.",
          "mai",
          "juin",
          "juil.",
          "ao\u00fbt",
          "sept.",
          "oct.",
          "nov.",
          "d\u00e9c."
        ],
        "fullDate": "EEEE d MMMM y",
        "longDate": "d MMMM y",
        "medium": "d MMM y HH:mm:ss",
        "mediumDate": "d MMM y",
        "mediumTime": "HH:mm:ss",
        "short": "dd/MM/y HH:mm",
        "shortDate": "dd/MM/y",
        "shortTime": "HH:mm"
      }
    }
  },
  "es-ES": {
    "No case found with id:": "No se ha encontrado el caso:",
    "No documents available": "Este caso no contiene ningún documento adjunto.",
    "Timeline": "Cronología",
    "Documents" : "Documentos",
    "Business Data": "Datos de negocio",
    "No business data available": "No hay ningún dato de negocio disponible",
    "Case id": "Id del caso",
    "Archived case id": "Id del caso archivado",
    "Process": "Proceso",
    "No Events yet.": "Ningúna actividad.",
    "Nothing noticeable happened yet... But it surely will come!": "Ninguna tarea ejecutada o disponible de momento.",
    "Case started": "Caso iniciado",
    "Started by": "iniciado por",
    "Title": "Título",
    "Default label": "Etiqueta por defecto",
    "Default name": "Nombre por defecto",
    "Select": "Seleccionar",
    "Select an option": "Selecciona una opción",
    "green": "verde",
    "red": "rojo",
    "blue": "azul",
    "yes": "sí",
    "no": "no",
    "Id": "Id",
    "Name": "Nombre",
    "Description": "Descripción",
    "Link": "Enlace",
    "Submit": "Enviar",
    "This field is required": "Este campo es requerido",
    "This field length should be larger": "La longitud de este campo debería ser mayor",
    "This field length should be smaller": "La longitud de este campo debería ser menor",
    "This value is too small": "El valor de este campo es demasiado pequeño",
    "This value is too large": "El valor de este campo es demasiado grande",
    "This is not a valid email": "El email introducido no es válido",
    "Toggle the text area to HTML source code / Rich text area": "",
    "Heading ": " ",
    "Paragraph": "",
    "Preformatted text": "",
    "Unordered List": "",
    "Ordered List": "",
    "Quote/unquote selection or paragraph": "",
    "Undo": "",
    "Redo": "",
    "Bold": "",
    "Italic": "",
    "Underline": "",
    "Strikethrough": "",
    "Align text left": "",
    "Align text right": "",
    "Justify text": "",
    "Center": "",
    "Increase indent": "",
    "Decrease indent": "",
    "Clear formatting": "",
    "Please enter an image URL to insert": "",
    "Insert image": "",
    "Insert video": "",
    "Please enter a youtube URL to embed": "",
    "Insert / edit link": "",
    "Please enter a URL to insert": "",
    "Relink": "",
    "Unlink": "",
    "Open in New Window": "",
    "Display words Count": "",
    "Display characters Count": "",
    "The requested content cannot be loaded.<br />Please try again later.": "El contenido solicitado no puede mostrarse.",
    "Today": "Hoy",
    "Now": "Ahora",
    "Date": "Fecha",
    "MM/dd/yyyy": "dd/MM/yyyy",
    "Enter a date (mm/dd/yyyy)": "Introducir una fecha (dd/mm/aaaa)",
    "Date and time": "Fecha y hora",
    "h:mm:ss a": "H:mm:ss",
    "Enter a time (h:mm:ss a)": "Introducir una hora (h:mm:ss)",
    "$locale": {
      "DATETIME_FORMATS": {
        "AMPMS": [
          "a. m.",
          "p. m."
        ],
        "DAY": [
          "domingo",
          "lunes",
          "martes",
          "mi\u00e9rcoles",
          "jueves",
          "viernes",
          "s\u00e1bado"
        ],
        "FIRSTDAYOFWEEK": 0,
        "MONTH": [
          "enero",
          "febrero",
          "marzo",
          "abril",
          "mayo",
          "junio",
          "julio",
          "agosto",
          "septiembre",
          "octubre",
          "noviembre",
          "diciembre"
        ],
        "SHORTDAY": [
          "dom.",
          "lun.",
          "mar.",
          "mi\u00e9.",
          "jue.",
          "vie.",
          "s\u00e1b."
        ],
        "SHORTMONTH": [
          "ene.",
          "feb.",
          "mar.",
          "abr.",
          "may.",
          "jun.",
          "jul.",
          "ago.",
          "sept.",
          "oct.",
          "nov.",
          "dic."
        ],
        "fullDate": "EEEE, d 'de' MMMM 'de' y",
        "longDate": "d 'de' MMMM 'de' y",
        "medium": "d 'de' MMM 'de' y H:mm:ss",
        "mediumDate": "d 'de' MMM 'de' y",
        "mediumTime": "H:mm:ss",
        "short": "d/M/yy H:mm",
        "shortDate": "d/M/yy",
        "shortTime": "H:mm"
      }
    }
  }
}
