{
  "designerVersion" : "1.9.24",
  "previousDesignerVersion" : "1.8.29",
  "id" : "LayoutBonitaV3",
  "name" : "BonitaLayoutV3",
  "lastUpdate" : 1562230371248,
  "rows" : [ [ {
    "type" : "container",
    "dimension" : {
      "xs" : 12,
      "sm" : 12,
      "md" : 12,
      "lg" : 12
    },
    "propertyValues" : {
      "cssClasses" : {
        "type" : "constant",
        "value" : "layout-header"
      },
      "hidden" : {
        "type" : "constant",
        "value" : false
      },
      "repeatedCollection" : {
        "type" : "variable",
        "value" : ""
      }
    },
    "reference" : "d865a0db-76a5-4bd0-b707-048aab1b7fd1",
    "hasValidationError" : false,
    "id" : "pbContainer",
    "rows" : [ [ {
      "type" : "container",
      "dimension" : {
        "xs" : 12,
        "sm" : 12,
        "md" : 12,
        "lg" : 12
      },
      "propertyValues" : {
        "cssClasses" : {
          "type" : "constant",
          "value" : "hidden-xs remove-padding-and-margin row-centered"
        },
        "hidden" : {
          "type" : "constant",
          "value" : false
        },
        "repeatedCollection" : {
          "type" : "variable",
          "value" : ""
        }
      },
      "reference" : "3f8f6bbc-4eb5-4d2a-823b-e61c1aec5713",
      "hasValidationError" : false,
      "id" : "pbContainer",
      "rows" : [ [ {
        "type" : "component",
        "dimension" : {
          "xs" : 2,
          "sm" : 2,
          "md" : 2,
          "lg" : 2
        },
        "propertyValues" : {
          "cssClasses" : {
            "type" : "constant",
            "value" : "resized-image"
          },
          "hidden" : {
            "type" : "expression",
            "value" : "!logoRequest"
          },
          "srcType" : {
            "type" : "constant",
            "value" : "URL"
          },
          "url" : {
            "type" : "expression",
            "value" : "logoURL"
          },
          "assetName" : {
            "type" : "constant",
            "value" : ""
          },
          "alt" : {
            "type" : "interpolation",
            "value" : ""
          }
        },
        "reference" : "2a0f4509-b5d1-4f69-8746-3d366ce04782",
        "hasValidationError" : false,
        "id" : "pbImage"
      }, {
        "type" : "component",
        "dimension" : {
          "xs" : 4,
          "sm" : 4,
          "md" : 4,
          "lg" : 4
        },
        "propertyValues" : {
          "cssClasses" : {
            "type" : "constant",
            "value" : "remove-padding-and-margin app-title"
          },
          "hidden" : {
            "type" : "expression",
            "value" : "!homePage"
          },
          "text" : {
            "type" : "interpolation",
            "value" : "{{appName}}"
          },
          "type" : {
            "type" : "constant",
            "value" : "page"
          },
          "targetUrl" : {
            "type" : "constant",
            "value" : "http://"
          },
          "pageToken" : {
            "type" : "expression",
            "value" : "homePage.token"
          },
          "processName" : {
            "type" : "constant"
          },
          "processVersion" : {
            "type" : "constant"
          },
          "taskId" : {
            "type" : "constant"
          },
          "caseId" : {
            "type" : "constant"
          },
          "target" : {
            "type" : "constant",
            "value" : "_self"
          },
          "appToken" : {
            "type" : "expression",
            "value" : "application[0].token"
          },
          "urlParams" : {
            "type" : "constant"
          },
          "alignment" : {
            "type" : "constant",
            "value" : "left"
          },
          "buttonStyle" : {
            "type" : "constant",
            "value" : "link"
          }
        },
        "reference" : "90561f46-80ea-4864-aa7f-5a117aee2bb9",
        "hasValidationError" : false,
        "id" : "pbLink"
      }, {
        "type" : "component",
        "dimension" : {
          "xs" : 4,
          "sm" : 4,
          "md" : 4,
          "lg" : 4
        },
        "propertyValues" : {
          "cssClasses" : {
            "type" : "constant",
            "value" : "remove-padding-and-margin user-menu user-menu-name"
          },
          "hidden" : {
            "type" : "constant",
            "value" : false
          },
          "disabled" : {
            "type" : "constant",
            "value" : false
          },
          "label" : {
            "type" : "interpolation",
            "value" : "<span title=\"{{userName}}\">{{userName}}</span>"
          },
          "alignment" : {
            "type" : "constant",
            "value" : "right"
          },
          "buttonStyle" : {
            "type" : "constant",
            "value" : "link"
          },
          "action" : {
            "type" : "constant",
            "value" : "Open modal"
          },
          "url" : {
            "type" : "interpolation"
          },
          "responseStatusCode" : {
            "type" : "variable",
            "value" : ""
          },
          "dataToSend" : {
            "type" : "constant"
          },
          "dataFromSuccess" : {
            "type" : "variable",
            "value" : ""
          },
          "closeOnSuccess" : {
            "type" : "constant",
            "value" : false
          },
          "dataFromError" : {
            "type" : "variable",
            "value" : ""
          },
          "targetUrlOnSuccess" : {
            "type" : "interpolation"
          },
          "collectionToModify" : {
            "type" : "variable",
            "value" : ""
          },
          "modalId" : {
            "type" : "constant",
            "value" : "currentSessionModalId"
          },
          "collectionPosition" : {
            "type" : "constant",
            "value" : "Last"
          },
          "valueToAdd" : {
            "type" : "constant"
          },
          "removeItem" : {
            "type" : "variable"
          },
          "assign" : {
            "type" : "constant",
            "value" : false
          }
        },
        "reference" : "d8824a0f-860e-490c-8ca1-e8fac6681921",
        "hasValidationError" : false,
        "id" : "pbButton"
      }, {
        "type" : "component",
        "dimension" : {
          "xs" : 1,
          "sm" : 1,
          "md" : 1,
          "lg" : 1
        },
        "propertyValues" : {
          "cssClasses" : {
            "type" : "constant",
            "value" : "remove-padding-and-margin user-menu image-circle"
          },
          "hidden" : {
            "type" : "constant",
            "value" : false
          },
          "disabled" : {
            "type" : "constant",
            "value" : false
          },
          "label" : {
            "type" : "interpolation",
            "value" : "{{userIconHtmlContent}}"
          },
          "alignment" : {
            "type" : "constant",
            "value" : "left"
          },
          "buttonStyle" : {
            "type" : "constant",
            "value" : "link"
          },
          "action" : {
            "type" : "constant",
            "value" : "Open modal"
          },
          "url" : {
            "type" : "interpolation"
          },
          "responseStatusCode" : {
            "type" : "variable",
            "value" : ""
          },
          "dataToSend" : {
            "type" : "constant"
          },
          "dataFromSuccess" : {
            "type" : "variable",
            "value" : ""
          },
          "closeOnSuccess" : {
            "type" : "constant",
            "value" : false
          },
          "dataFromError" : {
            "type" : "variable",
            "value" : ""
          },
          "targetUrlOnSuccess" : {
            "type" : "interpolation"
          },
          "collectionToModify" : {
            "type" : "variable"
          },
          "modalId" : {
            "type" : "constant",
            "value" : "currentSessionModalId"
          },
          "collectionPosition" : {
            "type" : "constant",
            "value" : "Last"
          },
          "valueToAdd" : {
            "type" : "constant"
          },
          "removeItem" : {
            "type" : "variable"
          },
          "assign" : {
            "type" : "constant",
            "value" : false
          }
        },
        "reference" : "150555db-2bcf-4189-b199-5c34528d0c2f",
        "hasValidationError" : false,
        "id" : "pbButton"
      }, {
        "type" : "component",
        "dimension" : {
          "xs" : 1,
          "sm" : 1,
          "md" : 1,
          "lg" : 1
        },
        "propertyValues" : {
          "cssClasses" : {
            "type" : "constant",
            "value" : "remove-padding-and-margin user-menu"
          },
          "hidden" : {
            "type" : "constant",
            "value" : false
          },
          "disabled" : {
            "type" : "constant",
            "value" : false
          },
          "label" : {
            "type" : "interpolation",
            "value" : "<span class=\"glyphicon glyphicon-th\"></span>"
          },
          "alignment" : {
            "type" : "constant",
            "value" : "left"
          },
          "buttonStyle" : {
            "type" : "constant",
            "value" : "link"
          },
          "action" : {
            "type" : "constant",
            "value" : "Open modal"
          },
          "url" : {
            "type" : "interpolation"
          },
          "responseStatusCode" : {
            "type" : "variable",
            "value" : ""
          },
          "dataToSend" : {
            "type" : "constant"
          },
          "dataFromSuccess" : {
            "type" : "variable",
            "value" : ""
          },
          "closeOnSuccess" : {
            "type" : "constant",
            "value" : false
          },
          "dataFromError" : {
            "type" : "variable",
            "value" : ""
          },
          "targetUrlOnSuccess" : {
            "type" : "interpolation"
          },
          "collectionToModify" : {
            "type" : "variable"
          },
          "modalId" : {
            "type" : "constant",
            "value" : "appSelectionModalId"
          },
          "collectionPosition" : {
            "type" : "constant",
            "value" : "Last"
          },
          "valueToAdd" : {
            "type" : "constant"
          },
          "removeItem" : {
            "type" : "variable"
          },
          "assign" : {
            "type" : "constant",
            "value" : false
          }
        },
        "reference" : "4c5989ff-b12c-4742-bda1-baa9ecdafa22",
        "hasValidationError" : false,
        "id" : "pbButton"
      } ] ]
    } ], [ {
      "type" : "component",
      "dimension" : {
        "xs" : 12,
        "sm" : 12,
        "md" : 12,
        "lg" : 12
      },
      "propertyValues" : {
        "cssClasses" : {
          "type" : "constant",
          "value" : "remove-padding-and-margin"
        },
        "hidden" : {
          "type" : "expression",
          "value" : "!application"
        },
        "targetUrl" : {
          "type" : "variable",
          "value" : "targetedPageUrl"
        },
        "userName" : {
          "type" : "expression",
          "value" : "userName"
        },
        "currentSessionModalId" : {
          "type" : "interpolation",
          "value" : "currentSessionModalId"
        },
        "appSelectionModalId" : {
          "type" : "constant",
          "value" : "appSelectionModalId"
        },
        "application" : {
          "type" : "expression",
          "value" : "application[0] || {}"
        },
        "pageToken" : {
          "type" : "expression",
          "value" : "pageToken"
        },
        "userId" : {
          "type" : "expression",
          "value" : "loggedUser.id"
        },
        "homePageToken" : {
          "type" : "expression",
          "value" : "homePage.token"
        }
      },
      "reference" : "a4a02132-16c7-4812-b19d-c3e3d71c1a12",
      "hasValidationError" : false,
      "id" : "customLayoutMenuBonitaV2"
    } ] ]
  } ], [ {
    "type" : "container",
    "dimension" : {
      "xs" : 12,
      "sm" : 12,
      "md" : 12,
      "lg" : 12
    },
    "propertyValues" : {
      "cssClasses" : {
        "type" : "constant",
        "value" : "layout-content"
      },
      "hidden" : {
        "type" : "constant",
        "value" : false
      },
      "repeatedCollection" : {
        "type" : "variable",
        "value" : ""
      }
    },
    "reference" : "1a39467b-3ef1-4dd7-be74-e4f3c81e7eb4",
    "hasValidationError" : false,
    "id" : "pbContainer",
    "rows" : [ [ {
      "type" : "component",
      "dimension" : {
        "xs" : 12,
        "sm" : 12,
        "md" : 12,
        "lg" : 12
      },
      "propertyValues" : {
        "cssClasses" : {
          "type" : "constant",
          "value" : "remove-padding-and-margin living-application-iframe"
        },
        "hidden" : {
          "type" : "constant",
          "value" : false
        },
        "src" : {
          "type" : "variable",
          "value" : "targetedPageUrl"
        }
      },
      "reference" : "d82ee36b-2feb-45b4-a75f-aa220d67b980",
      "hasValidationError" : false,
      "id" : "customLivingApplicationIFrameV4"
    } ] ]
  } ], [ {
    "type" : "container",
    "dimension" : {
      "xs" : 12,
      "sm" : 12,
      "md" : 12,
      "lg" : 12
    },
    "propertyValues" : {
      "cssClasses" : {
        "type" : "constant",
        "value" : "layout-footer remove-padding-and-margin"
      },
      "hidden" : {
        "type" : "constant",
        "value" : false
      },
      "repeatedCollection" : {
        "type" : "variable",
        "value" : ""
      }
    },
    "reference" : "62b6cc6e-6925-4310-9dc9-6b1ce440b13d",
    "hasValidationError" : false,
    "id" : "pbContainer",
    "rows" : [ [ ] ]
  } ], [ {
    "type" : "modalContainer",
    "dimension" : {
      "xs" : 12,
      "sm" : 12,
      "md" : 12,
      "lg" : 12
    },
    "propertyValues" : {
      "cssClasses" : {
        "type" : "constant",
        "value" : ""
      },
      "modalId" : {
        "type" : "constant",
        "value" : "currentSessionModalId"
      },
      "size" : {
        "type" : "constant",
        "value" : ""
      },
      "animation" : {
        "type" : "constant",
        "value" : true
      }
    },
    "reference" : "bc94f5af-d148-41ec-be6a-185c12a5fc6f",
    "hasValidationError" : false,
    "id" : "pbModalContainer",
    "container" : {
      "type" : "container",
      "dimension" : {
        "xs" : 12
      },
      "propertyValues" : { },
      "reference" : "361cfb63-f6b5-4754-a128-864b1c556fa5",
      "hasValidationError" : false,
      "id" : "pbContainer",
      "rows" : [ [ {
        "type" : "container",
        "dimension" : {
          "xs" : 12,
          "sm" : 12,
          "md" : 12,
          "lg" : 12
        },
        "propertyValues" : {
          "cssClasses" : {
            "type" : "constant",
            "value" : "modal-header"
          },
          "hidden" : {
            "type" : "constant",
            "value" : false
          },
          "repeatedCollection" : {
            "type" : "variable",
            "value" : ""
          }
        },
        "reference" : "06b54dba-9288-4ed0-b4a8-bf2de61bff64",
        "hasValidationError" : false,
        "id" : "pbContainer",
        "rows" : [ [ {
          "type" : "component",
          "dimension" : {
            "xs" : 12,
            "sm" : 12,
            "md" : 12,
            "lg" : 12
          },
          "propertyValues" : {
            "cssClasses" : {
              "type" : "constant",
              "value" : "user-details--break-all"
            },
            "hidden" : {
              "type" : "constant",
              "value" : false
            },
            "text" : {
              "type" : "interpolation",
              "value" : "{{userName}}"
            },
            "level" : {
              "type" : "constant",
              "value" : "Level 3"
            },
            "alignment" : {
              "type" : "constant",
              "value" : "left"
            }
          },
          "reference" : "078bce10-17ca-4dd8-82b8-66180b75fbda",
          "hasValidationError" : false,
          "id" : "pbTitle"
        } ] ]
      } ], [ {
        "type" : "container",
        "dimension" : {
          "xs" : 12,
          "sm" : 12,
          "md" : 12,
          "lg" : 12
        },
        "propertyValues" : {
          "cssClasses" : {
            "type" : "constant",
            "value" : "modal-body"
          },
          "hidden" : {
            "type" : "constant",
            "value" : false
          },
          "repeatedCollection" : {
            "type" : "variable",
            "value" : ""
          }
        },
        "reference" : "d2ef7694-97ec-4c17-ac93-11b4a9bef315",
        "hasValidationError" : false,
        "id" : "pbContainer",
        "rows" : [ [ {
          "type" : "component",
          "dimension" : {
            "xs" : 12,
            "sm" : 4,
            "md" : 4,
            "lg" : 4
          },
          "propertyValues" : {
            "cssClasses" : {
              "type" : "constant",
              "value" : "hidden-xs userIcon--large image-circle image-circle--large"
            },
            "hidden" : {
              "type" : "constant",
              "value" : false
            },
            "labelHidden" : {
              "type" : "constant",
              "value" : true
            },
            "label" : {
              "type" : "interpolation",
              "value" : "Default label"
            },
            "labelPosition" : {
              "type" : "constant",
              "value" : "top"
            },
            "labelWidth" : {
              "type" : "constant",
              "value" : 4
            },
            "allowHTML" : {
              "type" : "constant",
              "value" : true
            },
            "text" : {
              "type" : "interpolation",
              "value" : "{{userIconHtmlContent}}"
            },
            "alignment" : {
              "type" : "constant",
              "value" : "left"
            }
          },
          "reference" : "4bd7a598-52a4-4721-b786-d8a4308d6852",
          "hasValidationError" : false,
          "id" : "pbText"
        }, {
          "type" : "container",
          "dimension" : {
            "xs" : 12,
            "sm" : 8,
            "md" : 8,
            "lg" : 8
          },
          "propertyValues" : {
            "cssClasses" : {
              "type" : "constant",
              "value" : ""
            },
            "hidden" : {
              "type" : "constant",
              "value" : false
            },
            "repeatedCollection" : {
              "type" : "variable",
              "value" : ""
            }
          },
          "reference" : "4fe0df15-ac3b-4b28-8c15-c1bb54ea85a4",
          "hasValidationError" : false,
          "id" : "pbContainer",
          "rows" : [ [ {
            "type" : "component",
            "dimension" : {
              "xs" : 12,
              "sm" : 12,
              "md" : 12,
              "lg" : 12
            },
            "propertyValues" : {
              "cssClasses" : {
                "type" : "constant",
                "value" : ""
              },
              "hidden" : {
                "type" : "constant",
                "value" : false
              },
              "text" : {
                "type" : "interpolation",
                "value" : "User details"
              },
              "level" : {
                "type" : "constant",
                "value" : "Level 4"
              },
              "alignment" : {
                "type" : "constant",
                "value" : "left"
              }
            },
            "reference" : "4e5703ca-93a1-47b3-9f9f-3b39971a2b8f",
            "hasValidationError" : false,
            "id" : "pbTitle"
          } ], [ {
            "type" : "component",
            "dimension" : {
              "xs" : 12,
              "sm" : 12,
              "md" : 12,
              "lg" : 12
            },
            "propertyValues" : {
              "cssClasses" : {
                "type" : "constant",
                "value" : "user-details--break-all"
              },
              "hidden" : {
                "type" : "constant",
                "value" : false
              },
              "allowHTML" : {
                "type" : "constant",
                "value" : true
              },
              "text" : {
                "type" : "interpolation",
                "value" : "{{loggedUser.userName}}"
              },
              "alignment" : {
                "type" : "constant",
                "value" : "left"
              },
              "labelHidden" : {
                "type" : "constant",
                "value" : false
              },
              "label" : {
                "type" : "interpolation",
                "value" : "Username"
              },
              "labelPosition" : {
                "type" : "constant",
                "value" : "top"
              },
              "labelWidth" : {
                "type" : "constant",
                "value" : 12
              }
            },
            "reference" : "2e455e59-1b00-432d-8e53-1401f5ae5723",
            "hasValidationError" : false,
            "id" : "pbText"
          } ], [ {
            "type" : "component",
            "dimension" : {
              "xs" : 12,
              "sm" : 12,
              "md" : 12,
              "lg" : 12
            },
            "propertyValues" : {
              "cssClasses" : {
                "type" : "constant",
                "value" : "user-details--break-all"
              },
              "hidden" : {
                "type" : "constant",
                "value" : false
              },
              "allowHTML" : {
                "type" : "constant",
                "value" : true
              },
              "text" : {
                "type" : "interpolation",
                "value" : "{{loggedUser.professional_data.email}}"
              },
              "alignment" : {
                "type" : "constant",
                "value" : "left"
              },
              "labelHidden" : {
                "type" : "constant",
                "value" : false
              },
              "label" : {
                "type" : "interpolation",
                "value" : "Email"
              },
              "labelPosition" : {
                "type" : "constant",
                "value" : "top"
              },
              "labelWidth" : {
                "type" : "constant",
                "value" : 12
              }
            },
            "reference" : "a88f2d95-ca07-47d0-800d-4e8b8053c6a7",
            "hasValidationError" : false,
            "id" : "pbText"
          } ] ]
        } ], [ {
          "type" : "container",
          "dimension" : {
            "xs" : 12,
            "sm" : 12,
            "md" : 12,
            "lg" : 12
          },
          "propertyValues" : {
            "cssClasses" : {
              "type" : "constant",
              "value" : ""
            },
            "hidden" : {
              "type" : "constant",
              "value" : false
            },
            "repeatedCollection" : {
              "type" : "variable",
              "value" : ""
            }
          },
          "reference" : "b52c33e6-07b9-4cd2-b0c7-04b95afb4f14",
          "hasValidationError" : false,
          "id" : "pbContainer",
          "rows" : [ [ {
            "type" : "component",
            "dimension" : {
              "xs" : 12,
              "sm" : 12,
              "md" : 12,
              "lg" : 12
            },
            "propertyValues" : {
              "cssClasses" : {
                "type" : "constant",
                "value" : ""
              },
              "hidden" : {
                "type" : "constant",
                "value" : false
              },
              "text" : {
                "type" : "interpolation",
                "value" : "Language"
              },
              "level" : {
                "type" : "constant",
                "value" : "Level 4"
              },
              "alignment" : {
                "type" : "constant",
                "value" : "left"
              }
            },
            "reference" : "eb05271f-6b6a-4e58-b623-d552d1129c87",
            "hasValidationError" : false,
            "id" : "pbTitle"
          } ], [ {
            "type" : "component",
            "dimension" : {
              "xs" : 12,
              "sm" : 12,
              "md" : 9,
              "lg" : 9
            },
            "propertyValues" : {
              "cssClasses" : {
                "type" : "constant",
                "value" : ""
              },
              "hidden" : {
                "type" : "constant",
                "value" : false
              },
              "disabled" : {
                "type" : "constant",
                "value" : false
              },
              "required" : {
                "type" : "constant",
                "value" : false
              },
              "labelHidden" : {
                "type" : "constant",
                "value" : true
              },
              "label" : {
                "type" : "interpolation",
                "value" : "remove-padding-and-margin-right"
              },
              "labelPosition" : {
                "type" : "constant",
                "value" : "top"
              },
              "labelWidth" : {
                "type" : "constant",
                "value" : 4
              },
              "placeholder" : {
                "type" : "interpolation",
                "value" : "Select a language"
              },
              "availableValues" : {
                "type" : "expression",
                "value" : "languageList"
              },
              "displayedKey" : {
                "type" : "constant",
                "value" : "name"
              },
              "returnedKey" : {
                "type" : "expression",
                "value" : "locale"
              },
              "value" : {
                "type" : "variable",
                "value" : "selectedLanguage"
              }
            },
            "reference" : "151aa916-30b2-4757-936d-811fd48995d0",
            "hasValidationError" : false,
            "id" : "pbSelect"
          }, {
            "type" : "component",
            "dimension" : {
              "xs" : 12,
              "sm" : 12,
              "md" : 3,
              "lg" : 3
            },
            "propertyValues" : {
              "cssClasses" : {
                "type" : "constant",
                "value" : ""
              },
              "hidden" : {
                "type" : "constant",
                "value" : false
              },
              "disabled" : {
                "type" : "expression",
                "value" : "!selectedLanguage"
              },
              "label" : {
                "type" : "interpolation",
                "value" : "Apply"
              },
              "alignment" : {
                "type" : "constant",
                "value" : "right"
              },
              "buttonStyle" : {
                "type" : "constant",
                "value" : "primary"
              },
              "action" : {
                "type" : "constant",
                "value" : "Add to collection"
              },
              "url" : {
                "type" : "interpolation"
              },
              "responseStatusCode" : {
                "type" : "variable",
                "value" : ""
              },
              "dataToSend" : {
                "type" : "constant"
              },
              "dataFromSuccess" : {
                "type" : "variable",
                "value" : ""
              },
              "closeOnSuccess" : {
                "type" : "constant",
                "value" : false
              },
              "dataFromError" : {
                "type" : "variable",
                "value" : ""
              },
              "targetUrlOnSuccess" : {
                "type" : "interpolation"
              },
              "collectionToModify" : {
                "type" : "variable",
                "value" : "eventList.actions"
              },
              "modalId" : {
                "type" : "constant",
                "value" : ""
              },
              "collectionPosition" : {
                "type" : "constant",
                "value" : "Last"
              },
              "valueToAdd" : {
                "type" : "constant",
                "value" : "locale"
              },
              "removeItem" : {
                "type" : "variable"
              },
              "assign" : {
                "type" : "constant",
                "value" : false
              }
            },
            "reference" : "4939b47c-a22f-48c0-9b29-ea7576e47132",
            "hasValidationError" : false,
            "id" : "pbButton"
          } ] ]
        } ] ]
      } ], [ {
        "type" : "container",
        "dimension" : {
          "xs" : 12,
          "sm" : 12,
          "md" : 12,
          "lg" : 12
        },
        "propertyValues" : {
          "cssClasses" : {
            "type" : "constant",
            "value" : "modal-footer"
          },
          "hidden" : {
            "type" : "constant",
            "value" : false
          },
          "repeatedCollection" : {
            "type" : "variable",
            "value" : ""
          }
        },
        "reference" : "53e25ea9-e4c3-4b9f-bb2d-b031d3b0a09a",
        "hasValidationError" : false,
        "id" : "pbContainer",
        "rows" : [ [ {
          "type" : "component",
          "dimension" : {
            "xs" : 6,
            "sm" : 6,
            "md" : 6,
            "lg" : 6
          },
          "propertyValues" : {
            "cssClasses" : {
              "type" : "constant",
              "value" : ""
            },
            "hidden" : {
              "type" : "expression",
              "value" : "!logoutHidden"
            },
            "disabled" : {
              "type" : "constant",
              "value" : false
            },
            "label" : {
              "type" : "interpolation",
              "value" : "Logout"
            },
            "alignment" : {
              "type" : "constant",
              "value" : "left"
            },
            "buttonStyle" : {
              "type" : "constant",
              "value" : "danger"
            },
            "action" : {
              "type" : "constant",
              "value" : "POST"
            },
            "url" : {
              "type" : "interpolation",
              "value" : "../../../logoutservice?_l=fr"
            },
            "responseStatusCode" : {
              "type" : "variable",
              "value" : ""
            },
            "dataToSend" : {
              "type" : "constant"
            },
            "dataFromSuccess" : {
              "type" : "variable",
              "value" : "logoutSuccess"
            },
            "closeOnSuccess" : {
              "type" : "constant",
              "value" : false
            },
            "dataFromError" : {
              "type" : "variable",
              "value" : ""
            },
            "targetUrlOnSuccess" : {
              "type" : "interpolation"
            },
            "collectionToModify" : {
              "type" : "variable"
            },
            "modalId" : {
              "type" : "constant",
              "value" : ""
            },
            "collectionPosition" : {
              "type" : "constant",
              "value" : "Last"
            },
            "valueToAdd" : {
              "type" : "constant"
            },
            "removeItem" : {
              "type" : "variable"
            },
            "assign" : {
              "type" : "constant",
              "value" : false
            }
          },
          "reference" : "bd53a803-dc45-49fd-8fc5-1e5a83daaa7a",
          "hasValidationError" : false,
          "id" : "pbButton"
        }, {
          "type" : "component",
          "dimension" : {
            "xs" : 6,
            "sm" : 6,
            "md" : 6,
            "lg" : 6
          },
          "propertyValues" : {
            "cssClasses" : {
              "type" : "constant",
              "value" : ""
            },
            "hidden" : {
              "type" : "constant",
              "value" : false
            },
            "disabled" : {
              "type" : "constant",
              "value" : false
            },
            "label" : {
              "type" : "interpolation",
              "value" : "Close"
            },
            "alignment" : {
              "type" : "constant",
              "value" : "right"
            },
            "buttonStyle" : {
              "type" : "constant",
              "value" : "default"
            },
            "action" : {
              "type" : "constant",
              "value" : "Close modal"
            },
            "url" : {
              "type" : "interpolation"
            },
            "responseStatusCode" : {
              "type" : "variable",
              "value" : ""
            },
            "dataToSend" : {
              "type" : "constant"
            },
            "dataFromSuccess" : {
              "type" : "variable",
              "value" : ""
            },
            "closeOnSuccess" : {
              "type" : "constant",
              "value" : false
            },
            "dataFromError" : {
              "type" : "variable",
              "value" : ""
            },
            "targetUrlOnSuccess" : {
              "type" : "interpolation"
            },
            "collectionToModify" : {
              "type" : "variable"
            },
            "modalId" : {
              "type" : "constant",
              "value" : ""
            },
            "collectionPosition" : {
              "type" : "constant",
              "value" : "Last"
            },
            "valueToAdd" : {
              "type" : "constant"
            },
            "removeItem" : {
              "type" : "variable"
            },
            "assign" : {
              "type" : "constant",
              "value" : false
            }
          },
          "reference" : "28b64920-062d-49d2-a76d-37205135a2f3",
          "hasValidationError" : false,
          "id" : "pbButton"
        } ] ]
      } ] ]
    }
  } ], [ {
    "type" : "modalContainer",
    "dimension" : {
      "xs" : 12,
      "sm" : 12,
      "md" : 12,
      "lg" : 12
    },
    "propertyValues" : {
      "cssClasses" : {
        "type" : "constant",
        "value" : "max-modal-width"
      },
      "modalId" : {
        "type" : "constant",
        "value" : "appSelectionModalId"
      },
      "size" : {
        "type" : "constant",
        "value" : "lg"
      },
      "animation" : {
        "type" : "constant",
        "value" : true
      }
    },
    "reference" : "a36217e8-8838-47df-b977-7487f12225c2",
    "hasValidationError" : false,
    "id" : "pbModalContainer",
    "container" : {
      "type" : "container",
      "dimension" : {
        "xs" : 12
      },
      "propertyValues" : { },
      "reference" : "31c54c6a-34d4-4dd5-b70b-fe0b32976ab3",
      "hasValidationError" : false,
      "id" : "pbContainer",
      "rows" : [ [ {
        "type" : "container",
        "dimension" : {
          "xs" : 12,
          "sm" : 12,
          "md" : 12,
          "lg" : 12
        },
        "propertyValues" : {
          "cssClasses" : {
            "type" : "constant",
            "value" : "modal-header"
          },
          "hidden" : {
            "type" : "constant",
            "value" : false
          },
          "repeatedCollection" : {
            "type" : "variable",
            "value" : ""
          }
        },
        "reference" : "da87e8df-cb93-4175-9f74-ed611abfddd7",
        "hasValidationError" : false,
        "id" : "pbContainer",
        "rows" : [ [ {
          "type" : "component",
          "dimension" : {
            "xs" : 12,
            "sm" : 12,
            "md" : 12,
            "lg" : 12
          },
          "propertyValues" : {
            "cssClasses" : {
              "type" : "constant",
              "value" : "remove-padding-and-margin-right"
            },
            "hidden" : {
              "type" : "constant",
              "value" : false
            },
            "text" : {
              "type" : "interpolation",
              "value" : "Application List"
            },
            "level" : {
              "type" : "constant",
              "value" : "Level 3"
            },
            "alignment" : {
              "type" : "constant",
              "value" : "left"
            }
          },
          "reference" : "0a62175c-8427-4059-8116-f2b3c54fca06",
          "hasValidationError" : false,
          "id" : "pbTitle"
        } ], [ {
          "type" : "container",
          "dimension" : {
            "xs" : 12,
            "sm" : 12,
            "md" : 12,
            "lg" : 12
          },
          "propertyValues" : {
            "cssClasses" : {
              "type" : "constant",
              "value" : ""
            },
            "hidden" : {
              "type" : "constant",
              "value" : false
            },
            "repeatedCollection" : {
              "type" : "variable",
              "value" : ""
            }
          },
          "reference" : "f8847734-0cfa-4ed5-b928-04141535a993",
          "hasValidationError" : false,
          "id" : "pbContainer",
          "rows" : [ [ {
            "type" : "component",
            "dimension" : {
              "xs" : 12,
              "sm" : 6,
              "md" : 6,
              "lg" : 6
            },
            "propertyValues" : {
              "cssClasses" : {
                "type" : "constant",
                "value" : ""
              },
              "hidden" : {
                "type" : "constant",
                "value" : false
              },
              "disabled" : {
                "type" : "constant",
                "value" : false
              },
              "required" : {
                "type" : "constant",
                "value" : false
              },
              "labelHidden" : {
                "type" : "constant",
                "value" : true
              },
              "label" : {
                "type" : "interpolation",
                "value" : ""
              },
              "labelPosition" : {
                "type" : "constant",
                "value" : "top"
              },
              "labelWidth" : {
                "type" : "constant",
                "value" : 4
              },
              "placeholder" : {
                "type" : "interpolation",
                "value" : "All profiles"
              },
              "availableValues" : {
                "type" : "expression",
                "value" : "profileDropdownOptions"
              },
              "displayedKey" : {
                "type" : "constant",
                "value" : "name"
              },
              "returnedKey" : {
                "type" : "constant",
                "value" : "id"
              },
              "value" : {
                "type" : "variable",
                "value" : "selectedProfile"
              }
            },
            "reference" : "7a52a8b8-7e23-4983-bc17-91b19e99c9ba",
            "hasValidationError" : false,
            "id" : "pbSelect"
          }, {
            "type" : "component",
            "dimension" : {
              "xs" : 12,
              "sm" : 6,
              "md" : 6,
              "lg" : 6
            },
            "propertyValues" : {
              "cssClasses" : {
                "type" : "constant",
                "value" : ""
              },
              "hidden" : {
                "type" : "constant",
                "value" : false
              },
              "required" : {
                "type" : "constant",
                "value" : false
              },
              "minLength" : {
                "type" : "constant",
                "value" : ""
              },
              "maxLength" : {
                "type" : "constant",
                "value" : ""
              },
              "readOnly" : {
                "type" : "constant",
                "value" : false
              },
              "labelHidden" : {
                "type" : "constant",
                "value" : true
              },
              "label" : {
                "type" : "interpolation",
                "value" : ""
              },
              "labelPosition" : {
                "type" : "constant",
                "value" : "top"
              },
              "labelWidth" : {
                "type" : "constant",
                "value" : 1
              },
              "placeholder" : {
                "type" : "interpolation",
                "value" : "Search on name, version or URL"
              },
              "value" : {
                "type" : "variable",
                "value" : "searchFilterValue"
              },
              "type" : {
                "type" : "constant",
                "value" : "text"
              },
              "min" : {
                "type" : "constant"
              },
              "max" : {
                "type" : "constant"
              },
              "step" : {
                "type" : "constant",
                "value" : 1
              }
            },
            "reference" : "d648505d-c967-499c-b96d-f36c800a65fc",
            "hasValidationError" : false,
            "id" : "pbInput"
          } ] ]
        } ] ]
      } ], [ {
        "type" : "container",
        "dimension" : {
          "xs" : 12,
          "sm" : 12,
          "md" : 12,
          "lg" : 12
        },
        "propertyValues" : {
          "cssClasses" : {
            "type" : "constant",
            "value" : "modal-body infinite-scroll"
          },
          "hidden" : {
            "type" : "constant",
            "value" : false
          },
          "repeatedCollection" : {
            "type" : "variable",
            "value" : ""
          }
        },
        "reference" : "f2d768d1-ebd8-4b14-a806-370c8e146b60",
        "hasValidationError" : false,
        "id" : "pbContainer",
        "rows" : [ [ {
          "type" : "component",
          "dimension" : {
            "xs" : 12,
            "sm" : 12,
            "md" : 12,
            "lg" : 12
          },
          "propertyValues" : {
            "cssClasses" : {
              "type" : "constant",
              "value" : ""
            },
            "hidden" : {
              "type" : "expression",
              "value" : "authorizedAppsList.length"
            },
            "text" : {
              "type" : "interpolation",
              "value" : "No application available using these filters"
            },
            "level" : {
              "type" : "constant",
              "value" : "Level 4"
            },
            "alignment" : {
              "type" : "constant",
              "value" : "center"
            }
          },
          "reference" : "0835d6e6-6d89-4f9d-a245-aafa304f0ba3",
          "hasValidationError" : false,
          "id" : "pbTitle"
        } ], [ {
          "type" : "container",
          "dimension" : {
            "xs" : 12,
            "sm" : 12,
            "md" : 12,
            "lg" : 12
          },
          "propertyValues" : {
            "cssClasses" : {
              "type" : "constant",
              "value" : ""
            },
            "hidden" : {
              "type" : "constant",
              "value" : false
            },
            "repeatedCollection" : {
              "type" : "variable",
              "value" : "appsListGroupByThree"
            }
          },
          "reference" : "016eeaf9-e435-4a82-a271-57c38ad4288e",
          "hasValidationError" : false,
          "id" : "pbContainer",
          "rows" : [ [ {
            "type" : "container",
            "dimension" : {
              "xs" : 12,
              "sm" : 12,
              "md" : 4,
              "lg" : 4
            },
            "propertyValues" : {
              "cssClasses" : {
                "type" : "constant",
                "value" : "app-item-container"
              },
              "hidden" : {
                "type" : "constant",
                "value" : false
              },
              "repeatedCollection" : {
                "type" : "variable",
                "value" : "$item"
              }
            },
            "reference" : "d59ec3b1-dc55-4127-8e84-dd413a8cdb58",
            "hasValidationError" : false,
            "id" : "pbContainer",
            "rows" : [ [ {
              "type" : "container",
              "dimension" : {
                "xs" : 12,
                "sm" : 12,
                "md" : 12,
                "lg" : 12
              },
              "propertyValues" : {
                "cssClasses" : {
                  "type" : "expression",
                  "value" : "applicationContainerClasses($item)"
                },
                "hidden" : {
                  "type" : "constant",
                  "value" : false
                },
                "repeatedCollection" : {
                  "type" : "variable",
                  "value" : ""
                }
              },
              "reference" : "b0f76bea-cd75-426c-8e51-e647f15f5f13",
              "hasValidationError" : false,
              "id" : "pbContainer",
              "rows" : [ [ {
                "type" : "component",
                "dimension" : {
                  "xs" : 12,
                  "sm" : 12,
                  "md" : 12,
                  "lg" : 12
                },
                "propertyValues" : {
                  "cssClasses" : {
                    "type" : "constant",
                    "value" : "app-name-in-list remove-padding-and-margin hidden-xs"
                  },
                  "hidden" : {
                    "type" : "constant",
                    "value" : false
                  },
                  "text" : {
                    "type" : "interpolation",
                    "value" : "<p title=\"{{$item.displayName}}\">{{$item.displayName}}</p>"
                  },
                  "type" : {
                    "type" : "constant",
                    "value" : "URL"
                  },
                  "targetUrl" : {
                    "type" : "expression",
                    "value" : "'../../'+$item.token"
                  },
                  "pageToken" : {
                    "type" : "constant"
                  },
                  "processName" : {
                    "type" : "constant"
                  },
                  "processVersion" : {
                    "type" : "constant"
                  },
                  "taskId" : {
                    "type" : "constant"
                  },
                  "caseId" : {
                    "type" : "constant"
                  },
                  "target" : {
                    "type" : "constant",
                    "value" : "_self"
                  },
                  "appToken" : {
                    "type" : "constant"
                  },
                  "urlParams" : {
                    "type" : "constant"
                  },
                  "alignment" : {
                    "type" : "constant",
                    "value" : "left"
                  },
                  "buttonStyle" : {
                    "type" : "constant",
                    "value" : "link"
                  }
                },
                "reference" : "fbaa83c3-9292-478f-be5a-eee1352931b1",
                "hasValidationError" : false,
                "id" : "pbLink"
              } ], [ {
                "type" : "component",
                "dimension" : {
                  "xs" : 12,
                  "sm" : 12,
                  "md" : 12,
                  "lg" : 12
                },
                "propertyValues" : {
                  "cssClasses" : {
                    "type" : "constant",
                    "value" : "app-name-in-list--multiline visible-xs"
                  },
                  "hidden" : {
                    "type" : "constant",
                    "value" : false
                  },
                  "text" : {
                    "type" : "interpolation",
                    "value" : "{{$item.displayName}}"
                  },
                  "type" : {
                    "type" : "constant",
                    "value" : "URL"
                  },
                  "targetUrl" : {
                    "type" : "expression",
                    "value" : "'../../'+$item.token"
                  },
                  "pageToken" : {
                    "type" : "constant"
                  },
                  "processName" : {
                    "type" : "constant"
                  },
                  "processVersion" : {
                    "type" : "constant"
                  },
                  "taskId" : {
                    "type" : "constant"
                  },
                  "caseId" : {
                    "type" : "constant"
                  },
                  "target" : {
                    "type" : "constant",
                    "value" : "_self"
                  },
                  "appToken" : {
                    "type" : "constant"
                  },
                  "urlParams" : {
                    "type" : "constant"
                  },
                  "alignment" : {
                    "type" : "constant",
                    "value" : "left"
                  },
                  "buttonStyle" : {
                    "type" : "constant",
                    "value" : "link"
                  }
                },
                "reference" : "6aa8edfb-91b8-45b1-81e4-65299f03dbfa",
                "hasValidationError" : false,
                "id" : "pbLink"
              } ], [ {
                "type" : "component",
                "dimension" : {
                  "xs" : 12,
                  "sm" : 12,
                  "md" : 12,
                  "lg" : 12
                },
                "propertyValues" : {
                  "cssClasses" : {
                    "type" : "constant",
                    "value" : "app-version-in-list"
                  },
                  "hidden" : {
                    "type" : "constant",
                    "value" : false
                  },
                  "labelHidden" : {
                    "type" : "constant",
                    "value" : true
                  },
                  "label" : {
                    "type" : "interpolation",
                    "value" : "Default label"
                  },
                  "labelPosition" : {
                    "type" : "constant",
                    "value" : "top"
                  },
                  "labelWidth" : {
                    "type" : "constant",
                    "value" : 4
                  },
                  "allowHTML" : {
                    "type" : "constant",
                    "value" : true
                  },
                  "text" : {
                    "type" : "interpolation",
                    "value" : "Version : {{$item.version}}"
                  },
                  "alignment" : {
                    "type" : "constant",
                    "value" : "right"
                  }
                },
                "reference" : "f5ad02a7-1270-4cf7-a9fc-1406057cf758",
                "hasValidationError" : false,
                "id" : "pbText"
              } ] ]
            } ] ]
          } ] ]
        } ] ]
      } ], [ {
        "type" : "container",
        "dimension" : {
          "xs" : 12,
          "sm" : 12,
          "md" : 12,
          "lg" : 12
        },
        "propertyValues" : {
          "cssClasses" : {
            "type" : "constant",
            "value" : "modal-footer"
          },
          "hidden" : {
            "type" : "constant",
            "value" : false
          },
          "repeatedCollection" : {
            "type" : "variable",
            "value" : ""
          }
        },
        "reference" : "c1d64e34-48a8-4238-8ea7-8bccc89ef3f0",
        "hasValidationError" : false,
        "id" : "pbContainer",
        "rows" : [ [ {
          "type" : "component",
          "dimension" : {
            "xs" : 12,
            "sm" : 12,
            "md" : 12,
            "lg" : 12
          },
          "propertyValues" : {
            "cssClasses" : {
              "type" : "constant",
              "value" : ""
            },
            "hidden" : {
              "type" : "constant",
              "value" : false
            },
            "disabled" : {
              "type" : "constant",
              "value" : false
            },
            "label" : {
              "type" : "interpolation",
              "value" : "Close"
            },
            "alignment" : {
              "type" : "constant",
              "value" : "right"
            },
            "buttonStyle" : {
              "type" : "constant",
              "value" : "default"
            },
            "action" : {
              "type" : "constant",
              "value" : "Close modal"
            },
            "url" : {
              "type" : "interpolation"
            },
            "responseStatusCode" : {
              "type" : "variable",
              "value" : ""
            },
            "dataToSend" : {
              "type" : "constant"
            },
            "dataFromSuccess" : {
              "type" : "variable",
              "value" : ""
            },
            "closeOnSuccess" : {
              "type" : "constant",
              "value" : false
            },
            "dataFromError" : {
              "type" : "variable",
              "value" : ""
            },
            "targetUrlOnSuccess" : {
              "type" : "interpolation"
            },
            "collectionToModify" : {
              "type" : "variable"
            },
            "modalId" : {
              "type" : "constant",
              "value" : ""
            },
            "collectionPosition" : {
              "type" : "constant",
              "value" : "Last"
            },
            "valueToAdd" : {
              "type" : "constant"
            },
            "removeItem" : {
              "type" : "variable"
            },
            "assign" : {
              "type" : "constant",
              "value" : false
            }
          },
          "reference" : "e1ca0f27-599a-43ed-84a9-596b17a2fffc",
          "hasValidationError" : false,
          "id" : "pbButton"
        } ] ]
      } ] ]
    }
  } ] ],
  "assets" : [ {
    "id" : "b6ac73e1-9f7e-4c4a-9856-358140b56ca5",
    "name" : "layout.css",
    "type" : "css",
    "order" : 5,
    "external" : false
  }, {
    "id" : "3c2b8e1c-5de4-4eb4-8495-da7fa250c117",
    "name" : "localization.json",
    "type" : "json",
    "order" : 4,
    "external" : false
  }, {
    "id" : "eb2b632f-0def-480c-b90c-98291b0fca75",
    "name" : "layout.js",
    "type" : "js",
    "order" : 3,
    "external" : false
  } ],
  "inactiveAssets" : [ ],
  "data" : {
    "targetedPageUrl" : {
      "type" : "constant",
      "exposed" : false
    },
    "session" : {
      "type" : "url",
      "value" : "../API/system/session/unusedId",
      "exposed" : false
    },
    "userName" : {
      "type" : "expression",
      "value" : "if ($data.loggedUser && $data.loggedUser.firstname && $data.loggedUser.lastname) {\n    return $data.loggedUser.firstname + \" \" + $data.loggedUser.lastname;\n} else {\n    return $data.session.user_name;\n}",
      "exposed" : false
    },
    "pathArray" : {
      "type" : "expression",
      "value" : "return window.location.pathname.split( '/' );",
      "exposed" : false
    },
    "languageList" : {
      "type" : "url",
      "value" : "../API/system/i18nlocale?p=0&c=0",
      "exposed" : false
    },
    "selectedLanguage" : {
      "type" : "constant",
      "exposed" : false
    },
    "setLocal" : {
      "type" : "expression",
      "value" : "if($data.eventList.actions && $data.eventList.actions.length > 0){\n    var action=$data.eventList.actions[0];\n    if(action===\"locale\"){\n        document.cookie=\"BOS_Locale=\"+$data.selectedLanguage.locale+\";path=/\";;\n        document.location.reload();\n    }\n}",
      "exposed" : false
    },
    "storageLanguage" : {
      "type" : "expression",
      "value" : "return document.cookie.BOS_Locale;\n",
      "exposed" : false
    },
    "logoutSuccess" : {
      "type" : "constant",
      "exposed" : false
    },
    "windowReload" : {
      "type" : "expression",
      "value" : "if ($data.logoutSuccess) {\n    window.location.reload();\n}",
      "exposed" : false
    },
    "logoutHidden" : {
      "type" : "expression",
      "value" : "return JSON.parse($data.session.conf).indexOf('logout.link.hidden') === -1;",
      "exposed" : false
    },
    "loggedUser" : {
      "type" : "url",
      "value" : "../API/identity/user/{{session.user_id}}?d=professional_data",
      "exposed" : false
    },
    "appsList" : {
      "type" : "url",
      "value" : "../API/living/application?c=9999{{queryParamSearchFilter}}{{queryParamProfileFilter}}",
      "exposed" : false
    },
    "appName" : {
      "type" : "expression",
      "value" : "if (!$data.application || !$data.application[0]) {\n    return \"\";\n}\nreturn $data.application[0].displayName;",
      "exposed" : false
    },
    "appsListGroupByThree" : {
      "type" : "expression",
      "value" : "if (!$data.appsList || !$data.currentUserProfileList) {\n    return [];\n}\n\nvar i = 0;\nvar result = [];\nwhile (i < $data.authorizedAppsList.length) {\n    if (i%3 === 0) {\n        result.push([]);\n    }\n    result[Math.floor(i/3)].push($data.authorizedAppsList[i]);\n    i++;\n}\n\nreturn result;",
      "exposed" : false
    },
    "appToken" : {
      "type" : "expression",
      "value" : "return  $data.pathArray[$data.pathArray.length-3];",
      "exposed" : false
    },
    "application" : {
      "type" : "url",
      "value" : "../API/living/application/?c=1&f=token%3D{{appToken}}",
      "exposed" : false
    },
    "pageToken" : {
      "type" : "expression",
      "value" : "return $data.pathArray[$data.pathArray.length-2];",
      "exposed" : false
    },
    "logoURL" : {
      "type" : "constant",
      "value" : "../theme/images/logo.png",
      "exposed" : false
    },
    "logoRequest" : {
      "type" : "url",
      "value" : "{{logoURL}}",
      "exposed" : false
    },
    "selectedProfile" : {
      "type" : "constant",
      "exposed" : false
    },
    "currentText" : {
      "type" : "expression",
      "value" : "return \"app-item-current--text\";",
      "exposed" : false
    },
    "applicationContainerClasses" : {
      "type" : "expression",
      "value" : "return function (currentApp){\n    var cssClasses = \"app-item \";\n    \n    if(currentApp.token === $data.appToken){\n        cssClasses += \"app-item--current\";\n    }\n    \n    return cssClasses;\n};\n",
      "exposed" : false
    },
    "setWindowAppName" : {
      "type" : "expression",
      "value" : "if ($data.appName) {\n    window.document.title = $data.appName;\n}",
      "exposed" : false
    },
    "homePage" : {
      "type" : "url",
      "value" : "../API/living/application-page/{{application[0].homePageId}}",
      "exposed" : false
    },
    "userIconHtmlContent" : {
      "type" : "expression",
      "value" : "if (!$data.loggedUser) {\n    return '';\n}\n\nvar isCustomIconPath = $data.loggedUser.icon && $data.loggedUser.icon!='icons/default/icon_user.png';\n\nconst htmlContentForImage = `<span><img title=\"${$data.userName}\" src=\"${$data.loggedUser.icon}\" alt=\"User icon\"></span>`;\n\nconst htmlContentForDefaultIcon = `<i title=\"${$data.userName}\" class=\"fa fa-user-circle\"></i>`;\n\nreturn isCustomIconPath ? htmlContentForImage : htmlContentForDefaultIcon;",
      "exposed" : false
    },
    "authorizedAppsList" : {
      "type" : "expression",
      "value" : "if (!$data.currentUserProfileList || !$data.appsList) {\n    return [];\n}\n\nfunction isAppAuthorized(application) {\n    return $data.currentUserProfileList.map((profile) => profile.id).includes(application.profileId);\n}\n\nreturn $data.appsList.filter(application => isAppAuthorized(application));",
      "exposed" : false
    },
    "profileDropdownOptions" : {
      "type" : "expression",
      "value" : "return [{\"name\": uiTranslate(\"All profiles\")}].concat($data.currentUserProfileList);",
      "exposed" : false
    },
    "queryParamProfileFilter" : {
      "type" : "expression",
      "value" : "if(!$data.selectedProfile) {\n    return \"\";\n}\nreturn \"&f=profileId=\"+$data.selectedProfile;",
      "exposed" : false
    },
    "queryParamSearchFilter" : {
      "type" : "expression",
      "value" : "if(!$data.searchFilterValue) {\n    return \"\";\n}\nreturn \"&s=\"+$data.searchFilterValue;",
      "exposed" : false
    },
    "searchFilterValue" : {
      "type" : "constant",
      "exposed" : false
    },
    "currentUserProfileList" : {
      "type" : "url",
      "value" : "../API/portal/profile?p=0&c=100&f=user_id={{loggedUser.id}}",
      "exposed" : false
    },
    "eventList" : {
      "type" : "json",
      "value" : "{\"actions\":[]}",
      "exposed" : false
    }
  },
  "hasValidationError" : false,
  "uuid" : "e73d62fc-4c9d-47d1-bd83-6082a7ba9ce1",
  "type" : "layout",
  "description" : "",
  "displayName" : "Bonita layout V3"
}