{
  "designerVersion" : "1.9.24",
  "previousDesignerVersion" : "1.8.29",
  "id" : "tenantStatusBonita",
  "name" : "tenantStatusBonita",
  "lastUpdate" : 1554366565878,
  "rows" : [ [ {
    "type" : "container",
    "dimension" : {
      "xs" : 12,
      "sm" : 1,
      "md" : 1,
      "lg" : 2
    },
    "propertyValues" : {
      "cssClasses" : {
        "type" : "constant",
        "value" : ""
      },
      "hidden" : {
        "type" : "constant",
        "value" : false
      },
      "repeatedCollection" : {
        "type" : "variable",
        "value" : ""
      }
    },
    "reference" : "1a0335e4-ed29-4b57-9089-0acbef17932b",
    "hasValidationError" : false,
    "id" : "pbContainer",
    "rows" : [ [ ] ]
  }, {
    "type" : "container",
    "dimension" : {
      "xs" : 12,
      "sm" : 10,
      "lg" : 8
    },
    "propertyValues" : {
      "cssClasses" : {
        "type" : "constant",
        "value" : ""
      },
      "hidden" : {
        "type" : "expression",
        "value" : "!isTechnicalUser"
      },
      "repeatedCollection" : {
        "type" : "variable",
        "value" : ""
      }
    },
    "reference" : "2ee379a1-0571-43dc-8873-d0780f3d4e70",
    "hasValidationError" : false,
    "id" : "pbContainer",
    "rows" : [ [ {
      "type" : "component",
      "dimension" : {
        "xs" : 12,
        "lg" : 12,
        "md" : 12,
        "sm" : 12
      },
      "propertyValues" : {
        "cssClasses" : {
          "type" : "constant",
          "value" : ""
        },
        "hidden" : {
          "type" : "constant",
          "value" : false
        },
        "text" : {
          "type" : "interpolation",
          "value" : "BPM services"
        },
        "level" : {
          "type" : "constant",
          "value" : "Level 2"
        },
        "alignment" : {
          "type" : "constant",
          "value" : "left"
        }
      },
      "reference" : "233bf7f6-4e64-4e51-afec-86afea0cfb32",
      "hasValidationError" : false,
      "id" : "pbTitle"
    } ], [ {
      "type" : "container",
      "dimension" : {
        "xs" : 12,
        "sm" : 12,
        "md" : 12,
        "lg" : 12
      },
      "propertyValues" : {
        "cssClasses" : {
          "type" : "constant",
          "value" : "panel panel-default panel-body"
        },
        "hidden" : {
          "type" : "constant",
          "value" : false
        },
        "repeatedCollection" : {
          "type" : "variable",
          "value" : ""
        }
      },
      "reference" : "efc7fb8c-df00-4a4c-ad25-521a0e42a5f0",
      "hasValidationError" : false,
      "id" : "pbContainer",
      "rows" : [ [ {
        "type" : "container",
        "dimension" : {
          "xs" : 12,
          "sm" : 12,
          "md" : 12,
          "lg" : 12
        },
        "propertyValues" : {
          "cssClasses" : {
            "type" : "constant",
            "value" : "hidden-sm hidden-md hidden-lg"
          },
          "hidden" : {
            "type" : "constant",
            "value" : false
          },
          "repeatedCollection" : {
            "type" : "variable",
            "value" : ""
          }
        },
        "reference" : "1d92a63e-6ada-4b43-9115-5b5741fc2872",
        "hasValidationError" : false,
        "id" : "pbContainer",
        "rows" : [ [ {
          "type" : "container",
          "dimension" : {
            "xs" : 4,
            "sm" : 12,
            "md" : 4,
            "lg" : 4
          },
          "propertyValues" : {
            "cssClasses" : {
              "type" : "constant",
              "value" : ""
            },
            "hidden" : {
              "type" : "constant",
              "value" : false
            },
            "repeatedCollection" : {
              "type" : "variable",
              "value" : ""
            }
          },
          "reference" : "911d8da5-2b3b-4433-a598-b4d275b64910",
          "hasValidationError" : false,
          "id" : "pbContainer",
          "rows" : [ [ ] ]
        }, {
          "type" : "component",
          "dimension" : {
            "xs" : 4,
            "sm" : 12,
            "md" : 4,
            "lg" : 4
          },
          "propertyValues" : {
            "cssClasses" : {
              "type" : "constant",
              "value" : ""
            },
            "hidden" : {
              "type" : "constant",
              "value" : false
            },
            "srcType" : {
              "type" : "constant",
              "value" : "Asset"
            },
            "url" : {
              "type" : "constant",
              "value" : "status.img"
            },
            "assetName" : {
              "type" : "expression",
              "value" : "status.img"
            },
            "alt" : {
              "type" : "interpolation",
              "value" : "status.img"
            }
          },
          "reference" : "e06cfef7-3056-499d-8ff7-82cc9c2c7bac",
          "hasValidationError" : false,
          "id" : "pbImage"
        }, {
          "type" : "container",
          "dimension" : {
            "xs" : 4,
            "sm" : 12,
            "md" : 4,
            "lg" : 4
          },
          "propertyValues" : {
            "cssClasses" : {
              "type" : "constant",
              "value" : ""
            },
            "hidden" : {
              "type" : "constant",
              "value" : false
            },
            "repeatedCollection" : {
              "type" : "variable",
              "value" : ""
            }
          },
          "reference" : "2502afae-6dc5-4c31-8cb2-87a7f5a748ad",
          "hasValidationError" : false,
          "id" : "pbContainer",
          "rows" : [ [ ] ]
        } ] ]
      } ], [ {
        "type" : "container",
        "dimension" : {
          "xs" : 12,
          "sm" : 12,
          "md" : 12,
          "lg" : 12
        },
        "propertyValues" : {
          "cssClasses" : {
            "type" : "constant",
            "value" : ""
          },
          "hidden" : {
            "type" : "constant",
            "value" : false
          },
          "repeatedCollection" : {
            "type" : "variable",
            "value" : ""
          }
        },
        "reference" : "280adac6-bfde-44b8-8362-c92247be706a",
        "hasValidationError" : false,
        "id" : "pbContainer",
        "rows" : [ [ {
          "type" : "component",
          "dimension" : {
            "xs" : 4,
            "md" : 2,
            "lg" : 2,
            "sm" : 2
          },
          "propertyValues" : {
            "cssClasses" : {
              "type" : "constant",
              "value" : "hidden-xs"
            },
            "hidden" : {
              "type" : "constant",
              "value" : false
            },
            "srcType" : {
              "type" : "constant",
              "value" : "Asset"
            },
            "url" : {
              "type" : "constant",
              "value" : ""
            },
            "assetName" : {
              "type" : "expression",
              "value" : "status.img"
            },
            "alt" : {
              "type" : "interpolation",
              "value" : "status.img"
            }
          },
          "reference" : "4cff073c-1e60-4844-9fc7-05164a66f5e2",
          "hasValidationError" : false,
          "id" : "pbImage"
        }, {
          "type" : "container",
          "dimension" : {
            "xs" : 12,
            "sm" : 10,
            "md" : 7,
            "lg" : 7
          },
          "propertyValues" : {
            "cssClasses" : {
              "type" : "constant",
              "value" : ""
            },
            "hidden" : {
              "type" : "constant",
              "value" : false
            },
            "repeatedCollection" : {
              "type" : "variable",
              "value" : ""
            }
          },
          "reference" : "b43a9ebe-d290-4252-9b0f-af2f9c3ccad8",
          "hasValidationError" : false,
          "id" : "pbContainer",
          "rows" : [ [ {
            "type" : "component",
            "dimension" : {
              "xs" : 12,
              "sm" : 12,
              "md" : 12,
              "lg" : 12
            },
            "propertyValues" : {
              "cssClasses" : {
                "type" : "constant",
                "value" : "tenantStateLabel"
              },
              "hidden" : {
                "type" : "constant",
                "value" : false
              },
              "allowHTML" : {
                "type" : "constant",
                "value" : true
              },
              "text" : {
                "type" : "interpolation",
                "value" : "<b>Status:</b><span class=\"text-upperCase\"> {{status.state | uiTranslate}}</span>"
              },
              "alignment" : {
                "type" : "constant",
                "value" : "left"
              },
              "labelHidden" : {
                "type" : "constant",
                "value" : true
              },
              "label" : {
                "type" : "interpolation",
                "value" : ""
              },
              "labelPosition" : {
                "type" : "constant",
                "value" : "top"
              },
              "labelWidth" : {
                "type" : "constant",
                "value" : 4
              }
            },
            "reference" : "38176792-3218-4b3a-afbe-95382c80646f",
            "hasValidationError" : false,
            "id" : "pbText"
          } ], [ {
            "type" : "component",
            "dimension" : {
              "xs" : 12,
              "lg" : 12,
              "md" : 12,
              "sm" : 12
            },
            "propertyValues" : {
              "cssClasses" : {
                "type" : "constant",
                "value" : ""
              },
              "hidden" : {
                "type" : "constant",
                "value" : false
              },
              "allowHTML" : {
                "type" : "constant",
                "value" : true
              },
              "text" : {
                "type" : "interpolation",
                "value" : "You need to pause the BPM services when you make an update to your environment that cannot be done while there are active users."
              },
              "alignment" : {
                "type" : "constant",
                "value" : "left"
              },
              "labelHidden" : {
                "type" : "constant",
                "value" : true
              },
              "label" : {
                "type" : "interpolation",
                "value" : ""
              },
              "labelPosition" : {
                "type" : "constant",
                "value" : "top"
              },
              "labelWidth" : {
                "type" : "constant",
                "value" : 4
              }
            },
            "reference" : "e026035f-e43c-4360-aedf-bcff878e8cf6",
            "hasValidationError" : false,
            "id" : "pbText"
          } ] ]
        }, {
          "type" : "component",
          "dimension" : {
            "xs" : 12,
            "sm" : 12,
            "md" : 3,
            "lg" : 3
          },
          "propertyValues" : {
            "cssClasses" : {
              "type" : "constant",
              "value" : ""
            },
            "hidden" : {
              "type" : "constant",
              "value" : false
            },
            "disabled" : {
              "type" : "constant",
              "value" : false
            },
            "label" : {
              "type" : "interpolation",
              "value" : "{{status.btnLabel.toUpperCase()}}"
            },
            "alignment" : {
              "type" : "constant",
              "value" : "center"
            },
            "buttonStyle" : {
              "type" : "constant",
              "value" : "primary"
            },
            "action" : {
              "type" : "constant",
              "value" : "Open modal"
            },
            "url" : {
              "type" : "interpolation"
            },
            "dataToSend" : {
              "type" : "constant"
            },
            "dataFromSuccess" : {
              "type" : "variable",
              "value" : ""
            },
            "closeOnSuccess" : {
              "type" : "constant",
              "value" : false
            },
            "dataFromError" : {
              "type" : "variable",
              "value" : ""
            },
            "targetUrlOnSuccess" : {
              "type" : "interpolation"
            },
            "collectionToModify" : {
              "type" : "variable"
            },
            "modalId" : {
              "type" : "constant",
              "value" : "confirmStateChange"
            },
            "collectionPosition" : {
              "type" : "constant",
              "value" : "Last"
            },
            "valueToAdd" : {
              "type" : "constant"
            },
            "removeItem" : {
              "type" : "variable"
            }
          },
          "reference" : "77bdddde-8fd3-443e-8ba7-b19716c9deec",
          "hasValidationError" : false,
          "id" : "pbButton"
        } ] ]
      } ] ]
    } ], [ {
      "type" : "container",
      "dimension" : {
        "xs" : 12,
        "sm" : 12,
        "md" : 12,
        "lg" : 12
      },
      "propertyValues" : {
        "cssClasses" : {
          "type" : "constant",
          "value" : "hidden-xs"
        },
        "hidden" : {
          "type" : "constant",
          "value" : false
        },
        "repeatedCollection" : {
          "type" : "variable",
          "value" : ""
        }
      },
      "reference" : "9fe29d35-b834-4713-b0cc-14b9e7efa36b",
      "hasValidationError" : false,
      "id" : "pbContainer",
      "rows" : [ [ {
        "type" : "component",
        "dimension" : {
          "xs" : 12,
          "sm" : 12,
          "md" : 12,
          "lg" : 12
        },
        "propertyValues" : {
          "cssClasses" : {
            "type" : "constant",
            "value" : ""
          },
          "hidden" : {
            "type" : "constant",
            "value" : false
          },
          "allowHTML" : {
            "type" : "constant",
            "value" : true
          },
          "text" : {
            "type" : "interpolation",
            "value" : "When the services are paused:"
          },
          "alignment" : {
            "type" : "constant",
            "value" : "left"
          },
          "labelHidden" : {
            "type" : "constant",
            "value" : true
          },
          "label" : {
            "type" : "interpolation",
            "value" : ""
          },
          "labelPosition" : {
            "type" : "constant",
            "value" : "top"
          },
          "labelWidth" : {
            "type" : "constant",
            "value" : 4
          }
        },
        "reference" : "99e8f310-eefb-4f38-b575-69c2c28bfb0a",
        "hasValidationError" : false,
        "id" : "pbText"
      } ], [ {
        "type" : "component",
        "dimension" : {
          "xs" : 12,
          "lg" : 12,
          "md" : 12,
          "sm" : 12
        },
        "propertyValues" : {
          "cssClasses" : {
            "type" : "constant",
            "value" : ""
          },
          "hidden" : {
            "type" : "constant",
            "value" : false
          },
          "allowHTML" : {
            "type" : "constant",
            "value" : true
          },
          "text" : {
            "type" : "interpolation",
            "value" : "<ul>\n<li>{{'Only the technical user can log in to the Portal.' | uiTranslate}}\n</li>\n<li>{{'Users who are currently logged in, including Administrator users, are automatically logged out.' | uiTranslate}}\n</li>\n<li>{{'Users who are filling in forms when the services are paused will lose any information that has not been submitted.' | uiTranslate}}\n</li>\n<li>{{'All processes are automatically paused.' | uiTranslate}}\n</li>\n</ul>"
          },
          "alignment" : {
            "type" : "constant",
            "value" : "left"
          },
          "labelHidden" : {
            "type" : "constant",
            "value" : true
          },
          "label" : {
            "type" : "interpolation",
            "value" : ""
          },
          "labelPosition" : {
            "type" : "constant",
            "value" : "top"
          },
          "labelWidth" : {
            "type" : "constant",
            "value" : 4
          }
        },
        "reference" : "9dcc9758-9424-43d6-95f2-b5b5707f15d1",
        "hasValidationError" : false,
        "id" : "pbText"
      } ], [ {
        "type" : "component",
        "dimension" : {
          "xs" : 12,
          "sm" : 12,
          "md" : 12,
          "lg" : 12
        },
        "propertyValues" : {
          "cssClasses" : {
            "type" : "constant",
            "value" : ""
          },
          "hidden" : {
            "type" : "constant",
            "value" : false
          },
          "allowHTML" : {
            "type" : "constant",
            "value" : true
          },
          "text" : {
            "type" : "interpolation",
            "value" : "When you resume the services, tell your users that they can log back in to the Portal."
          },
          "alignment" : {
            "type" : "constant",
            "value" : "left"
          },
          "labelHidden" : {
            "type" : "constant",
            "value" : true
          },
          "label" : {
            "type" : "interpolation",
            "value" : ""
          },
          "labelPosition" : {
            "type" : "constant",
            "value" : "top"
          },
          "labelWidth" : {
            "type" : "constant",
            "value" : 4
          }
        },
        "reference" : "71dcc239-0e60-4fa6-baa6-1e054155deaf",
        "hasValidationError" : false,
        "id" : "pbText"
      } ] ]
    } ] ]
  }, {
    "type" : "container",
    "dimension" : {
      "xs" : 12,
      "sm" : 1,
      "md" : 1,
      "lg" : 2
    },
    "propertyValues" : {
      "cssClasses" : {
        "type" : "constant",
        "value" : ""
      },
      "hidden" : {
        "type" : "constant",
        "value" : false
      },
      "repeatedCollection" : {
        "type" : "variable",
        "value" : ""
      }
    },
    "reference" : "ba5a4978-555b-4a41-88e4-5a868df47833",
    "hasValidationError" : false,
    "id" : "pbContainer",
    "rows" : [ [ ] ]
  } ], [ {
    "type" : "modalContainer",
    "dimension" : {
      "xs" : 12,
      "sm" : 12,
      "md" : 12,
      "lg" : 12
    },
    "propertyValues" : {
      "cssClasses" : {
        "type" : "constant",
        "value" : ""
      },
      "hidden" : {
        "type" : "constant",
        "value" : false
      },
      "modalId" : {
        "type" : "constant",
        "value" : "confirmStateChange"
      },
      "animation" : {
        "type" : "constant",
        "value" : true
      },
      "size" : {
        "type" : "constant",
        "value" : ""
      }
    },
    "reference" : "ce2d4c4a-6283-4da9-befc-ae2109f0ebf3",
    "hasValidationError" : false,
    "id" : "pbModalContainer",
    "container" : {
      "type" : "container",
      "dimension" : {
        "xs" : 12
      },
      "propertyValues" : { },
      "reference" : "06fea9fb-f44f-45a2-bfe1-8ad8a8af989c",
      "hasValidationError" : false,
      "id" : "pbContainer",
      "rows" : [ [ {
        "type" : "container",
        "dimension" : {
          "xs" : 12,
          "sm" : 12,
          "md" : 12,
          "lg" : 12
        },
        "propertyValues" : {
          "cssClasses" : {
            "type" : "constant",
            "value" : "modal-header"
          },
          "hidden" : {
            "type" : "constant",
            "value" : false
          },
          "repeatedCollection" : {
            "type" : "variable",
            "value" : ""
          }
        },
        "reference" : "614e8e82-6670-4e39-a34d-f967fab65f55",
        "hasValidationError" : false,
        "id" : "pbContainer",
        "rows" : [ [ {
          "type" : "component",
          "dimension" : {
            "xs" : 12,
            "sm" : 12,
            "md" : 12,
            "lg" : 12
          },
          "propertyValues" : {
            "cssClasses" : {
              "type" : "constant",
              "value" : "text-danger"
            },
            "hidden" : {
              "type" : "constant",
              "value" : false
            },
            "text" : {
              "type" : "interpolation",
              "value" : "{{titleTenant}}"
            },
            "level" : {
              "type" : "constant",
              "value" : "Level 2"
            },
            "alignment" : {
              "type" : "constant",
              "value" : "left"
            }
          },
          "reference" : "9c639cdb-9939-40e4-a552-70739bd05a9b",
          "hasValidationError" : false,
          "id" : "pbTitle"
        } ] ]
      } ], [ {
        "type" : "container",
        "dimension" : {
          "xs" : 12,
          "sm" : 12,
          "md" : 12,
          "lg" : 12
        },
        "propertyValues" : {
          "cssClasses" : {
            "type" : "constant",
            "value" : "modal-body"
          },
          "hidden" : {
            "type" : "constant",
            "value" : false
          },
          "repeatedCollection" : {
            "type" : "variable",
            "value" : ""
          }
        },
        "reference" : "a7543428-aa5b-4fcf-ac4d-f510a5a0073a",
        "hasValidationError" : false,
        "id" : "pbContainer",
        "rows" : [ [ {
          "type" : "component",
          "dimension" : {
            "xs" : 12,
            "sm" : 12,
            "md" : 12,
            "lg" : 12
          },
          "propertyValues" : {
            "cssClasses" : {
              "type" : "constant",
              "value" : ""
            },
            "hidden" : {
              "type" : "constant",
              "value" : false
            },
            "allowHTML" : {
              "type" : "constant",
              "value" : true
            },
            "text" : {
              "type" : "interpolation",
              "value" : "{{messageTenant}}"
            },
            "alignment" : {
              "type" : "constant",
              "value" : "left"
            },
            "labelHidden" : {
              "type" : "constant",
              "value" : true
            },
            "label" : {
              "type" : "interpolation",
              "value" : ""
            },
            "labelPosition" : {
              "type" : "constant",
              "value" : "top"
            },
            "labelWidth" : {
              "type" : "constant",
              "value" : 4
            }
          },
          "reference" : "12302e77-091f-4dae-a485-01fe63c27767",
          "hasValidationError" : false,
          "id" : "pbText"
        } ] ]
      } ], [ {
        "type" : "container",
        "dimension" : {
          "xs" : 12,
          "sm" : 12,
          "md" : 12,
          "lg" : 12
        },
        "propertyValues" : {
          "cssClasses" : {
            "type" : "constant",
            "value" : "modal-footer"
          },
          "hidden" : {
            "type" : "constant",
            "value" : false
          },
          "repeatedCollection" : {
            "type" : "variable",
            "value" : ""
          }
        },
        "reference" : "529aae9a-46ab-4686-8bf5-ea9f970fb7a1",
        "hasValidationError" : false,
        "id" : "pbContainer",
        "rows" : [ [ {
          "type" : "component",
          "dimension" : {
            "xs" : 9,
            "lg" : 6,
            "md" : 9,
            "sm" : 9
          },
          "propertyValues" : {
            "cssClasses" : {
              "type" : "constant",
              "value" : ""
            },
            "hidden" : {
              "type" : "constant",
              "value" : false
            },
            "disabled" : {
              "type" : "expression",
              "value" : "!isTechnicalUser"
            },
            "label" : {
              "type" : "interpolation",
              "value" : "{{status.btnLabel}}"
            },
            "alignment" : {
              "type" : "constant",
              "value" : "right"
            },
            "buttonStyle" : {
              "type" : "constant",
              "value" : "primary"
            },
            "action" : {
              "type" : "constant",
              "value" : "PUT"
            },
            "url" : {
              "type" : "interpolation",
              "value" : "../API/system/tenant/1"
            },
            "dataToSend" : {
              "type" : "expression",
              "value" : "sendDataOnClick"
            },
            "dataFromSuccess" : {
              "type" : "variable",
              "value" : "response.success"
            },
            "dataFromError" : {
              "type" : "variable",
              "value" : ""
            },
            "targetUrlOnSuccess" : {
              "type" : "interpolation",
              "value" : ""
            },
            "collectionToModify" : {
              "type" : "variable"
            },
            "collectionPosition" : {
              "type" : "constant",
              "value" : "Last"
            },
            "valueToAdd" : {
              "type" : "constant"
            },
            "removeItem" : {
              "type" : "variable"
            },
            "closeOnSuccess" : {
              "type" : "constant",
              "value" : true
            },
            "modalId" : {
              "type" : "constant",
              "value" : ""
            }
          },
          "reference" : "c2ee6bb2-0b0f-4225-87d8-62248f7cba17",
          "hasValidationError" : false,
          "id" : "pbButton"
        }, {
          "type" : "component",
          "dimension" : {
            "xs" : 3,
            "sm" : 3,
            "md" : 3,
            "lg" : 6
          },
          "propertyValues" : {
            "cssClasses" : {
              "type" : "constant",
              "value" : ""
            },
            "hidden" : {
              "type" : "constant",
              "value" : false
            },
            "disabled" : {
              "type" : "expression",
              "value" : "!isTechnicalUser"
            },
            "label" : {
              "type" : "interpolation",
              "value" : "Cancel"
            },
            "alignment" : {
              "type" : "constant",
              "value" : "left"
            },
            "buttonStyle" : {
              "type" : "constant",
              "value" : "default"
            },
            "action" : {
              "type" : "constant",
              "value" : "Close modal"
            },
            "url" : {
              "type" : "interpolation"
            },
            "dataToSend" : {
              "type" : "constant"
            },
            "dataFromSuccess" : {
              "type" : "variable",
              "value" : ""
            },
            "closeOnSuccess" : {
              "type" : "constant",
              "value" : false
            },
            "dataFromError" : {
              "type" : "variable",
              "value" : ""
            },
            "targetUrlOnSuccess" : {
              "type" : "interpolation"
            },
            "collectionToModify" : {
              "type" : "variable"
            },
            "modalId" : {
              "type" : "constant",
              "value" : ""
            },
            "collectionPosition" : {
              "type" : "constant",
              "value" : "Last"
            },
            "valueToAdd" : {
              "type" : "constant"
            },
            "removeItem" : {
              "type" : "variable"
            }
          },
          "reference" : "2d528e64-cdfc-4be8-8f08-88e3b3cf2f53",
          "hasValidationError" : false,
          "id" : "pbButton"
        } ] ]
      } ] ]
    }
  } ] ],
  "assets" : [ {
    "id" : "9c263032-7532-41a0-9c1b-65bf6bc78a49",
    "name" : "style.css",
    "type" : "css",
    "order" : 0,
    "external" : false
  }, {
    "id" : "8bdb0ca4-d040-4499-907a-a7d6ba37a38d",
    "name" : "running.jpg",
    "type" : "img",
    "order" : 3,
    "external" : false
  }, {
    "id" : "e24de8cb-63dc-4fd1-8900-e8a70bfe4a1a",
    "name" : "paused.jpg",
    "type" : "img",
    "order" : 2,
    "external" : false
  }, {
    "id" : "9d38d1cd-f18c-433d-b139-cc187011e44c",
    "name" : "localization.json",
    "type" : "json",
    "order" : 0,
    "external" : false
  } ],
  "inactiveAssets" : [ ],
  "data" : {
    "tenantStatus" : {
      "type" : "url",
      "value" : "../API/system/tenant/1&t={{response.timestamp}}",
      "exposed" : false
    },
    "session" : {
      "type" : "url",
      "value" : "../API/system/session/unusedId",
      "exposed" : false
    },
    "isTechnicalUser" : {
      "type" : "expression",
      "value" : "return $data.session.is_technical_user === 'true';",
      "exposed" : false
    },
    "status" : {
      "type" : "expression",
      "value" : "if($data.isPaused){\n    return {state: \"Paused\", btnLabel:uiTranslate(\"Resume\"), img: \"paused.jpg\"};\n}\nreturn {state: \"Running\", btnLabel:uiTranslate(\"Pause\"), img: \"running.jpg\"};",
      "exposed" : false
    },
    "sendDataOnClick" : {
      "type" : "expression",
      "value" : "var paused = !($data.isPaused);\nreturn {paused: paused.toString()};",
      "exposed" : false
    },
    "isPaused" : {
      "type" : "expression",
      "value" : "return $data.tenantStatus.paused === 'true';",
      "exposed" : false
    },
    "response" : {
      "type" : "json",
      "value" : "{\"success\":\"none\", \"timestamp\":0}",
      "exposed" : false
    },
    "exp_response" : {
      "type" : "expression",
      "value" : "if(!$data.response.success ){\n    $data.response.success = \"none\";\n    $data.response.timestamp =  new Date();\n}",
      "exposed" : false
    },
    "confirmation" : {
      "type" : "constant",
      "exposed" : false
    },
    "titleTenant" : {
      "type" : "expression",
      "value" : "return $data.isPaused \r\n        ? uiTranslate(\"Are your sure you want to activate the services?\") \r\n        : uiTranslate(\"Are your sure you want to deactivate the services?\");",
      "exposed" : false
    },
    "messageTenant" : {
      "type" : "expression",
      "value" : "return $data.isPaused \r\n        ? uiTranslate(\"Services will resume. Users will be able to log in.\") \r\n        : uiTranslate(\"Services will be paused for maintenance.\");",
      "exposed" : false
    }
  },
  "hasValidationError" : false,
  "uuid" : "2be4e81d-9a15-4ef9-893c-61caf156398f",
  "type" : "page",
  "description" : "Page allowing to stop and start the BPM services",
  "displayName" : "Tenant status page"
}